id,main,sub,source_pages,wire_bits,codec_scope,decode_symbol,runtime_policy,semantic_coverage,known_limitation,regression_test,identifier_class
1.001,1,1,26,1,FORMAT_CODEC,decode_b1,NOT_COMPREHENSIVELY_VALIDATED,PARTIAL_SUBTYPE_SEMANTICS,KL-61,dpt_spec_document_inventory,MAINLY_UNSTRUCTURED_COMMON
1.002,1,2,26,1,FORMAT_CODEC,decode_b1,NOT_COMPREHENSIVELY_VALIDATED,PARTIAL_SUBTYPE_SEMANTICS,KL-61,dpt_spec_document_inventory,MAINLY_UNSTRUCTURED_COMMON
1.003,1,3,26,1,FORMAT_CODEC,decode_b1,NOT_COMPREHENSIVELY_VALIDATED,PARTIAL_SUBTYPE_SEMANTICS,KL-61,dpt_spec_document_inventory,MAINLY_UNSTRUCTURED_COMMON
1.004,1,4,26,1,FORMAT_CODEC,decode_b1,NOT_COMPREHENSIVELY_VALIDATED,PARTIAL_SUBTYPE_SEMANTICS,KL-61,dpt_spec_document_inventory,MAINLY_UNSTRUCTURED_COMMON
1.005,1,5,26,1,FORMAT_CODEC,decode_b1,NOT_COMPREHENSIVELY_VALIDATED,PARTIAL_SUBTYPE_SEMANTICS,KL-61,dpt_spec_document_inventory,MAINLY_UNSTRUCTURED_COMMON
1.006,1,6,26,1,FORMAT_CODEC,decode_b1,NOT_COMPREHENSIVELY_VALIDATED,PARTIAL_SUBTYPE_SEMANTICS,KL-61,dpt_spec_document_inventory,MAINLY_UNSTRUCTURED_COMMON
1.007,1,7,26,1,FORMAT_CODEC,decode_b1,NOT_COMPREHENSIVELY_VALIDATED,PARTIAL_SUBTYPE_SEMANTICS,KL-61,dpt_spec_document_inventory,MAINLY_UNSTRUCTURED_COMMON
1.008,1,8,26,1,FORMAT_CODEC,decode_b1,NOT_COMPREHENSIVELY_VALIDATED,PARTIAL_SUBTYPE_SEMANTICS,KL-61,dpt_spec_document_inventory,MAINLY_UNSTRUCTURED_COMMON
1.009,1,9,26,1,FORMAT_CODEC,decode_b1,NOT_COMPREHENSIVELY_VALIDATED,PARTIAL_SUBTYPE_SEMANTICS,KL-61,dpt_spec_document_inventory,MAINLY_UNSTRUCTURED_COMMON
1.010,1,10,26,1,FORMAT_CODEC,decode_b1,NOT_COMPREHENSIVELY_VALIDATED,PARTIAL_SUBTYPE_SEMANTICS,KL-61,dpt_spec_document_inventory,MAINLY_UNSTRUCTURED_COMMON
1.011,1,11,26,1,FORMAT_CODEC,decode_b1,NOT_COMPREHENSIVELY_VALIDATED,PARTIAL_SUBTYPE_SEMANTICS,KL-61,dpt_spec_document_inventory,MAINLY_UNSTRUCTURED_COMMON
1.012,1,12,26,1,FORMAT_CODEC,decode_b1,NOT_COMPREHENSIVELY_VALIDATED,PARTIAL_SUBTYPE_SEMANTICS,KL-61,dpt_spec_document_inventory,MAINLY_UNSTRUCTURED_COMMON
1.013,1,13,26,1,FORMAT_CODEC,decode_b1,NOT_COMPREHENSIVELY_VALIDATED,PARTIAL_SUBTYPE_SEMANTICS,KL-61,dpt_spec_document_inventory,MAINLY_UNSTRUCTURED_COMMON
1.014,1,14,26,1,FORMAT_CODEC,decode_b1,NOT_COMPREHENSIVELY_VALIDATED,PARTIAL_SUBTYPE_SEMANTICS,KL-61,dpt_spec_document_inventory,MAINLY_UNSTRUCTURED_COMMON
1.015,1,15,26,1,FORMAT_CODEC,decode_b1,NOT_COMPREHENSIVELY_VALIDATED,PARTIAL_SUBTYPE_SEMANTICS,KL-61,dpt_spec_document_inventory,MAINLY_UNSTRUCTURED_COMMON
1.016,1,16,27,1,FORMAT_CODEC,decode_b1,NOT_COMPREHENSIVELY_VALIDATED,PARTIAL_SUBTYPE_SEMANTICS,KL-61,dpt_spec_document_inventory,MAINLY_UNSTRUCTURED_COMMON
1.017,1,17,27,1,FORMAT_CODEC,decode_b1,NOT_COMPREHENSIVELY_VALIDATED,PARTIAL_SUBTYPE_SEMANTICS,KL-61,dpt_spec_document_inventory,MAINLY_UNSTRUCTURED_COMMON
1.018,1,18,27,1,FORMAT_CODEC,decode_b1,NOT_COMPREHENSIVELY_VALIDATED,PARTIAL_SUBTYPE_SEMANTICS,KL-61,dpt_spec_document_inventory,MAINLY_UNSTRUCTURED_COMMON
1.019,1,19,27,1,FORMAT_CODEC,decode_b1,NOT_COMPREHENSIVELY_VALIDATED,PARTIAL_SUBTYPE_SEMANTICS,KL-61,dpt_spec_document_inventory,MAINLY_UNSTRUCTURED_COMMON
1.021,1,21,27,1,FORMAT_CODEC,decode_b1,NOT_COMPREHENSIVELY_VALIDATED,PARTIAL_SUBTYPE_SEMANTICS,KL-61,dpt_spec_document_inventory,MAINLY_UNSTRUCTURED_COMMON
1.022,1,22,27,1,FORMAT_CODEC,decode_b1,NOT_COMPREHENSIVELY_VALIDATED,PARTIAL_SUBTYPE_SEMANTICS,KL-61,dpt_spec_document_inventory,MAINLY_UNSTRUCTURED_COMMON
1.023,1,23,27,1,FORMAT_CODEC,decode_b1,NOT_COMPREHENSIVELY_VALIDATED,PARTIAL_SUBTYPE_SEMANTICS,KL-61,dpt_spec_document_inventory,MAINLY_UNSTRUCTURED_COMMON
1.024,1,24,27,1,FORMAT_CODEC,decode_b1,NOT_COMPREHENSIVELY_VALIDATED,PARTIAL_SUBTYPE_SEMANTICS,KL-61,dpt_spec_document_inventory,MAINLY_UNSTRUCTURED_COMMON
1.100,1,100,114,1,FORMAT_CODEC,decode_b1,NOT_COMPREHENSIVELY_VALIDATED,PARTIAL_SUBTYPE_SEMANTICS,KL-61,dpt_spec_document_inventory,MAINLY_UNSTRUCTURED_HVAC
1.1200,1,1200,211,1,FORMAT_CODEC,decode_b1,NOT_COMPREHENSIVELY_VALIDATED,PARTIAL_SUBTYPE_SEMANTICS,KL-61,dpt_spec_document_inventory,MAINLY_UNSTRUCTURED_METERING
1.1201,1,1201,211,1,FORMAT_CODEC,decode_b1,NOT_COMPREHENSIVELY_VALIDATED,PARTIAL_SUBTYPE_SEMANTICS,KL-61,dpt_spec_document_inventory,MAINLY_UNSTRUCTURED_METERING
2.001,2,1,28,2,FORMAT_CODEC,decode_b2,NOT_COMPREHENSIVELY_VALIDATED,PARTIAL_SUBTYPE_SEMANTICS,KL-61,dpt_spec_document_inventory,MAINLY_UNSTRUCTURED_COMMON
2.002,2,2,28,2,FORMAT_CODEC,decode_b2,NOT_COMPREHENSIVELY_VALIDATED,PARTIAL_SUBTYPE_SEMANTICS,KL-61,dpt_spec_document_inventory,MAINLY_UNSTRUCTURED_COMMON
2.003,2,3,28,2,FORMAT_CODEC,decode_b2,NOT_COMPREHENSIVELY_VALIDATED,PARTIAL_SUBTYPE_SEMANTICS,KL-61,dpt_spec_document_inventory,MAINLY_UNSTRUCTURED_COMMON
2.004,2,4,28,2,FORMAT_CODEC,decode_b2,NOT_COMPREHENSIVELY_VALIDATED,PARTIAL_SUBTYPE_SEMANTICS,KL-61,dpt_spec_document_inventory,MAINLY_UNSTRUCTURED_COMMON
2.005,2,5,28,2,FORMAT_CODEC,decode_b2,NOT_COMPREHENSIVELY_VALIDATED,PARTIAL_SUBTYPE_SEMANTICS,KL-61,dpt_spec_document_inventory,MAINLY_UNSTRUCTURED_COMMON
2.006,2,6,28,2,FORMAT_CODEC,decode_b2,NOT_COMPREHENSIVELY_VALIDATED,PARTIAL_SUBTYPE_SEMANTICS,KL-61,dpt_spec_document_inventory,MAINLY_UNSTRUCTURED_COMMON
2.007,2,7,28,2,FORMAT_CODEC,decode_b2,NOT_COMPREHENSIVELY_VALIDATED,PARTIAL_SUBTYPE_SEMANTICS,KL-61,dpt_spec_document_inventory,MAINLY_UNSTRUCTURED_COMMON
2.008,2,8,28,2,FORMAT_CODEC,decode_b2,NOT_COMPREHENSIVELY_VALIDATED,PARTIAL_SUBTYPE_SEMANTICS,KL-61,dpt_spec_document_inventory,MAINLY_UNSTRUCTURED_COMMON
2.009,2,9,28,2,FORMAT_CODEC,decode_b2,NOT_COMPREHENSIVELY_VALIDATED,PARTIAL_SUBTYPE_SEMANTICS,KL-61,dpt_spec_document_inventory,MAINLY_UNSTRUCTURED_COMMON
2.010,2,10,28,2,FORMAT_CODEC,decode_b2,NOT_COMPREHENSIVELY_VALIDATED,PARTIAL_SUBTYPE_SEMANTICS,KL-61,dpt_spec_document_inventory,MAINLY_UNSTRUCTURED_COMMON
2.011,2,11,28,2,FORMAT_CODEC,decode_b2,NOT_COMPREHENSIVELY_VALIDATED,PARTIAL_SUBTYPE_SEMANTICS,KL-61,dpt_spec_document_inventory,MAINLY_UNSTRUCTURED_COMMON
2.012,2,12,28,2,FORMAT_CODEC,decode_b2,NOT_COMPREHENSIVELY_VALIDATED,PARTIAL_SUBTYPE_SEMANTICS,KL-61,dpt_spec_document_inventory,MAINLY_UNSTRUCTURED_COMMON
3.007,3,7,29,4,FORMAT_CODEC,decode_b1u3,NOT_COMPREHENSIVELY_VALIDATED,PARTIAL_SUBTYPE_SEMANTICS,KL-61,dpt_spec_document_inventory,MAINLY_UNSTRUCTURED_COMMON
3.008,3,8,30,4,FORMAT_CODEC,decode_b1u3,NOT_COMPREHENSIVELY_VALIDATED,PARTIAL_SUBTYPE_SEMANTICS,KL-61,dpt_spec_document_inventory,MAINLY_UNSTRUCTURED_COMMON
4.001,4,1,31,8,FORMAT_CODEC,decode_a8,NOT_COMPREHENSIVELY_VALIDATED,PARTIAL_SUBTYPE_SEMANTICS,KL-61,dpt_spec_document_inventory,MAINLY_UNSTRUCTURED_COMMON
4.002,4,2,31,8,FORMAT_CODEC,decode_a8,NOT_COMPREHENSIVELY_VALIDATED,PARTIAL_SUBTYPE_SEMANTICS,KL-61,dpt_spec_document_inventory,MAINLY_UNSTRUCTURED_COMMON
5.001,5,1,32,8,FORMAT_CODEC,decode_u8,NOT_COMPREHENSIVELY_VALIDATED,PARTIAL_SUBTYPE_SEMANTICS,KL-61,dpt_spec_document_inventory,MAINLY_UNSTRUCTURED_COMMON
5.003,5,3,32,8,FORMAT_CODEC,decode_u8,NOT_COMPREHENSIVELY_VALIDATED,PARTIAL_SUBTYPE_SEMANTICS,KL-61,dpt_spec_document_inventory,MAINLY_UNSTRUCTURED_COMMON
5.004,5,4,32,8,FORMAT_CODEC,decode_u8,NOT_COMPREHENSIVELY_VALIDATED,PARTIAL_SUBTYPE_SEMANTICS,KL-61,dpt_spec_document_inventory,MAINLY_UNSTRUCTURED_COMMON
5.005,5,5,32,8,FORMAT_CODEC,decode_u8,NOT_COMPREHENSIVELY_VALIDATED,PARTIAL_SUBTYPE_SEMANTICS,KL-61,dpt_spec_document_inventory,MAINLY_UNSTRUCTURED_COMMON
5.006,5,6,33,8,FORMAT_CODEC,decode_u8,NOT_COMPREHENSIVELY_VALIDATED,PARTIAL_SUBTYPE_SEMANTICS,KL-61,dpt_spec_document_inventory,MAINLY_UNSTRUCTURED_COMMON
5.010,5,10,33,8,FORMAT_CODEC,decode_u8,NOT_COMPREHENSIVELY_VALIDATED,PARTIAL_SUBTYPE_SEMANTICS,KL-61,dpt_spec_document_inventory,MAINLY_UNSTRUCTURED_COMMON
6.001,6,1,34,8,FORMAT_CODEC,decode_v8,NOT_COMPREHENSIVELY_VALIDATED,PARTIAL_SUBTYPE_SEMANTICS,KL-61,dpt_spec_document_inventory,MAINLY_UNSTRUCTURED_COMMON
6.010,6,10,34,8,FORMAT_CODEC,decode_v8,NOT_COMPREHENSIVELY_VALIDATED,PARTIAL_SUBTYPE_SEMANTICS,KL-61,dpt_spec_document_inventory,MAINLY_UNSTRUCTURED_COMMON
6.020,6,20,34,8,FORMAT_CODEC,decode_v8,NOT_COMPREHENSIVELY_VALIDATED,PARTIAL_SUBTYPE_SEMANTICS,KL-61,dpt_spec_document_inventory,MAINLY_UNSTRUCTURED_COMMON
7.001,7,1,35,16,FORMAT_CODEC,decode_u16,NOT_COMPREHENSIVELY_VALIDATED,PARTIAL_SUBTYPE_SEMANTICS,KL-61,dpt_spec_document_inventory,MAINLY_UNSTRUCTURED_COMMON
7.002,7,2,35,16,FORMAT_CODEC,decode_u16,NOT_COMPREHENSIVELY_VALIDATED,PARTIAL_SUBTYPE_SEMANTICS,KL-61,dpt_spec_document_inventory,MAINLY_UNSTRUCTURED_COMMON
7.003,7,3,35,16,FORMAT_CODEC,decode_u16,REFUSE_GENERIC_WRITE,PARTIAL_SUBTYPE_SEMANTICS,KL-61,dpt_spec_document_inventory,MAINLY_UNSTRUCTURED_COMMON
7.004,7,4,35,16,FORMAT_CODEC,decode_u16,REFUSE_GENERIC_WRITE,PARTIAL_SUBTYPE_SEMANTICS,KL-61,dpt_spec_document_inventory,MAINLY_UNSTRUCTURED_COMMON
7.005,7,5,35,16,FORMAT_CODEC,decode_u16,NOT_COMPREHENSIVELY_VALIDATED,PARTIAL_SUBTYPE_SEMANTICS,KL-61,dpt_spec_document_inventory,MAINLY_UNSTRUCTURED_COMMON
7.006,7,6,35,16,FORMAT_CODEC,decode_u16,REFUSE_GENERIC_WRITE,PARTIAL_SUBTYPE_SEMANTICS,KL-61,dpt_spec_document_inventory,MAINLY_UNSTRUCTURED_COMMON
7.007,7,7,35,16,FORMAT_CODEC,decode_u16,NOT_COMPREHENSIVELY_VALIDATED,PARTIAL_SUBTYPE_SEMANTICS,KL-61,dpt_spec_document_inventory,MAINLY_UNSTRUCTURED_COMMON
7.010,7,10,35,16,FORMAT_CODEC,decode_u16,NOT_COMPREHENSIVELY_VALIDATED,PARTIAL_SUBTYPE_SEMANTICS,KL-61,dpt_spec_document_inventory,MAINLY_UNSTRUCTURED_COMMON
7.011,7,11,36,16,FORMAT_CODEC,decode_u16,NOT_COMPREHENSIVELY_VALIDATED,PARTIAL_SUBTYPE_SEMANTICS,KL-61,dpt_spec_document_inventory,MAINLY_UNSTRUCTURED_COMMON
7.012,7,12,36,16,FORMAT_CODEC,decode_u16,NOT_COMPREHENSIVELY_VALIDATED,PARTIAL_SUBTYPE_SEMANTICS,KL-61,dpt_spec_document_inventory,MAINLY_UNSTRUCTURED_COMMON
7.013,7,13,36,16,FORMAT_CODEC,decode_u16,REFUSE_GENERIC_WRITE,PARTIAL_SUBTYPE_SEMANTICS,KL-61,dpt_spec_document_inventory,MAINLY_UNSTRUCTURED_COMMON
7.600,7,600,175,16,FORMAT_CODEC,decode_u16,NOT_COMPREHENSIVELY_VALIDATED,PARTIAL_SUBTYPE_SEMANTICS,KL-61,dpt_spec_document_inventory,MAINLY_UNSTRUCTURED_LIGHTING
8.001,8,1,37,16,FORMAT_CODEC,decode_v16,NOT_COMPREHENSIVELY_VALIDATED,PARTIAL_SUBTYPE_SEMANTICS,KL-61,dpt_spec_document_inventory,MAINLY_UNSTRUCTURED_COMMON
8.002,8,2,37,16,FORMAT_CODEC,decode_v16,NOT_COMPREHENSIVELY_VALIDATED,PARTIAL_SUBTYPE_SEMANTICS,KL-61,dpt_spec_document_inventory,MAINLY_UNSTRUCTURED_COMMON
8.003,8,3,37,16,FORMAT_CODEC,decode_v16,REFUSE_GENERIC_WRITE,PARTIAL_SUBTYPE_SEMANTICS,KL-61,dpt_spec_document_inventory,MAINLY_UNSTRUCTURED_COMMON
8.004,8,4,37,16,FORMAT_CODEC,decode_v16,REFUSE_GENERIC_WRITE,PARTIAL_SUBTYPE_SEMANTICS,KL-61,dpt_spec_document_inventory,MAINLY_UNSTRUCTURED_COMMON
8.005,8,5,37,16,FORMAT_CODEC,decode_v16,NOT_COMPREHENSIVELY_VALIDATED,PARTIAL_SUBTYPE_SEMANTICS,KL-61,dpt_spec_document_inventory,MAINLY_UNSTRUCTURED_COMMON
8.006,8,6,37,16,FORMAT_CODEC,decode_v16,REFUSE_GENERIC_WRITE,PARTIAL_SUBTYPE_SEMANTICS,KL-61,dpt_spec_document_inventory,MAINLY_UNSTRUCTURED_COMMON
8.007,8,7,37,16,FORMAT_CODEC,decode_v16,NOT_COMPREHENSIVELY_VALIDATED,PARTIAL_SUBTYPE_SEMANTICS,KL-61,dpt_spec_document_inventory,MAINLY_UNSTRUCTURED_COMMON
8.010,8,10,37,16,FORMAT_CODEC,decode_v16,NOT_COMPREHENSIVELY_VALIDATED,PARTIAL_SUBTYPE_SEMANTICS,KL-61,dpt_spec_document_inventory,MAINLY_UNSTRUCTURED_COMMON
8.011,8,11,38,16,FORMAT_CODEC,decode_v16,NOT_COMPREHENSIVELY_VALIDATED,PARTIAL_SUBTYPE_SEMANTICS,KL-61,dpt_spec_document_inventory,MAINLY_UNSTRUCTURED_COMMON
8.012,8,12,38,16,FORMAT_CODEC,decode_v16,REFUSE_GENERIC_WRITE,PARTIAL_SUBTYPE_SEMANTICS,KL-61,dpt_spec_document_inventory,MAINLY_UNSTRUCTURED_COMMON
9.001,9,1,39,16,FORMAT_CODEC,decode_f16,NOT_COMPREHENSIVELY_VALIDATED,PARTIAL_SUBTYPE_SEMANTICS,KL-61,dpt_spec_document_inventory,MAINLY_UNSTRUCTURED_COMMON
9.002,9,2,39,16,FORMAT_CODEC,decode_f16,NOT_COMPREHENSIVELY_VALIDATED,PARTIAL_SUBTYPE_SEMANTICS,KL-61,dpt_spec_document_inventory,MAINLY_UNSTRUCTURED_COMMON
9.003,9,3,39,16,FORMAT_CODEC,decode_f16,NOT_COMPREHENSIVELY_VALIDATED,PARTIAL_SUBTYPE_SEMANTICS,KL-61,dpt_spec_document_inventory,MAINLY_UNSTRUCTURED_COMMON
9.004,9,4,39,16,FORMAT_CODEC,decode_f16,NOT_COMPREHENSIVELY_VALIDATED,PARTIAL_SUBTYPE_SEMANTICS,KL-61,dpt_spec_document_inventory,MAINLY_UNSTRUCTURED_COMMON
9.005,9,5,39,16,FORMAT_CODEC,decode_f16,NOT_COMPREHENSIVELY_VALIDATED,PARTIAL_SUBTYPE_SEMANTICS,KL-61,dpt_spec_document_inventory,MAINLY_UNSTRUCTURED_COMMON
9.006,9,6,39,16,FORMAT_CODEC,decode_f16,NOT_COMPREHENSIVELY_VALIDATED,PARTIAL_SUBTYPE_SEMANTICS,KL-61,dpt_spec_document_inventory,MAINLY_UNSTRUCTURED_COMMON
9.007,9,7,39,16,FORMAT_CODEC,decode_f16,NOT_COMPREHENSIVELY_VALIDATED,PARTIAL_SUBTYPE_SEMANTICS,KL-61,dpt_spec_document_inventory,MAINLY_UNSTRUCTURED_COMMON
9.008,9,8,39,16,FORMAT_CODEC,decode_f16,NOT_COMPREHENSIVELY_VALIDATED,PARTIAL_SUBTYPE_SEMANTICS,KL-61,dpt_spec_document_inventory,MAINLY_UNSTRUCTURED_COMMON
9.009,9,9,39,16,FORMAT_CODEC,decode_f16,NOT_COMPREHENSIVELY_VALIDATED,PARTIAL_SUBTYPE_SEMANTICS,KL-61,dpt_spec_document_inventory,MAINLY_UNSTRUCTURED_COMMON
9.010,9,10,39,16,FORMAT_CODEC,decode_f16,NOT_COMPREHENSIVELY_VALIDATED,PARTIAL_SUBTYPE_SEMANTICS,KL-61,dpt_spec_document_inventory,MAINLY_UNSTRUCTURED_COMMON
9.011,9,11,39,16,FORMAT_CODEC,decode_f16,NOT_COMPREHENSIVELY_VALIDATED,PARTIAL_SUBTYPE_SEMANTICS,KL-61,dpt_spec_document_inventory,MAINLY_UNSTRUCTURED_COMMON
9.020,9,20,39,16,FORMAT_CODEC,decode_f16,NOT_COMPREHENSIVELY_VALIDATED,PARTIAL_SUBTYPE_SEMANTICS,KL-61,dpt_spec_document_inventory,MAINLY_UNSTRUCTURED_COMMON
9.021,9,21,39,16,FORMAT_CODEC,decode_f16,NOT_COMPREHENSIVELY_VALIDATED,PARTIAL_SUBTYPE_SEMANTICS,KL-61,dpt_spec_document_inventory,MAINLY_UNSTRUCTURED_COMMON
9.022,9,22,39,16,FORMAT_CODEC,decode_f16,NOT_COMPREHENSIVELY_VALIDATED,PARTIAL_SUBTYPE_SEMANTICS,KL-61,dpt_spec_document_inventory,MAINLY_UNSTRUCTURED_COMMON
9.023,9,23,39,16,FORMAT_CODEC,decode_f16,NOT_COMPREHENSIVELY_VALIDATED,PARTIAL_SUBTYPE_SEMANTICS,KL-61,dpt_spec_document_inventory,MAINLY_UNSTRUCTURED_COMMON
9.024,9,24,40,16,FORMAT_CODEC,decode_f16,NOT_COMPREHENSIVELY_VALIDATED,PARTIAL_SUBTYPE_SEMANTICS,KL-61,dpt_spec_document_inventory,MAINLY_UNSTRUCTURED_COMMON
9.025,9,25,40,16,FORMAT_CODEC,decode_f16,NOT_COMPREHENSIVELY_VALIDATED,PARTIAL_SUBTYPE_SEMANTICS,KL-61,dpt_spec_document_inventory,MAINLY_UNSTRUCTURED_COMMON
9.026,9,26,40,16,FORMAT_CODEC,decode_f16,NOT_COMPREHENSIVELY_VALIDATED,PARTIAL_SUBTYPE_SEMANTICS,KL-61,dpt_spec_document_inventory,MAINLY_UNSTRUCTURED_COMMON
9.027,9,27,40,16,FORMAT_CODEC,decode_f16,NOT_COMPREHENSIVELY_VALIDATED,PARTIAL_SUBTYPE_SEMANTICS,KL-61,dpt_spec_document_inventory,MAINLY_UNSTRUCTURED_COMMON
9.028,9,28,40;56,16,FORMAT_CODEC,decode_f16,NOT_COMPREHENSIVELY_VALIDATED,PARTIAL_SUBTYPE_SEMANTICS,KL-61,dpt_spec_document_inventory,MAINLY_UNSTRUCTURED_COMMON
9.029,9,29,40,16,FORMAT_CODEC,decode_f16,NOT_COMPREHENSIVELY_VALIDATED,PARTIAL_SUBTYPE_SEMANTICS,KL-61,dpt_spec_document_inventory,MAINLY_UNSTRUCTURED_COMMON
9.030,9,30,40,16,FORMAT_CODEC,decode_f16,NOT_COMPREHENSIVELY_VALIDATED,PARTIAL_SUBTYPE_SEMANTICS,KL-61,dpt_spec_document_inventory,MAINLY_UNSTRUCTURED_COMMON
10.001,10,1,41,24,FORMAT_CODEC,decode_time_of_day,NOT_COMPREHENSIVELY_VALIDATED,PARTIAL_SUBTYPE_SEMANTICS,KL-61,dpt_spec_document_inventory,MAINLY_UNSTRUCTURED_COMMON
11.001,11,1,41,24,FORMAT_CODEC,decode_date,NOT_COMPREHENSIVELY_VALIDATED,PARTIAL_SUBTYPE_SEMANTICS,KL-61,dpt_spec_document_inventory,MAINLY_UNSTRUCTURED_COMMON
12.001,12,1,42,32,FORMAT_CODEC,decode_u32,NOT_COMPREHENSIVELY_VALIDATED,PARTIAL_SUBTYPE_SEMANTICS,KL-61,dpt_spec_document_inventory,MAINLY_UNSTRUCTURED_COMMON
12.100,12,100,42,32,FORMAT_CODEC,decode_u32,NOT_COMPREHENSIVELY_VALIDATED,PARTIAL_SUBTYPE_SEMANTICS,KL-61,dpt_spec_document_inventory,MAINLY_UNSTRUCTURED_HVAC
12.101,12,101,42,32,FORMAT_CODEC,decode_u32,NOT_COMPREHENSIVELY_VALIDATED,PARTIAL_SUBTYPE_SEMANTICS,KL-61,dpt_spec_document_inventory,MAINLY_UNSTRUCTURED_HVAC
12.102,12,102,42,32,FORMAT_CODEC,decode_u32,NOT_COMPREHENSIVELY_VALIDATED,PARTIAL_SUBTYPE_SEMANTICS,KL-61,dpt_spec_document_inventory,MAINLY_UNSTRUCTURED_HVAC
12.1200,12,1200,211,32,FORMAT_CODEC,decode_u32,NOT_COMPREHENSIVELY_VALIDATED,PARTIAL_SUBTYPE_SEMANTICS,KL-61,dpt_spec_document_inventory,MAINLY_UNSTRUCTURED_METERING
12.1201,12,1201,211,32,FORMAT_CODEC,decode_u32,NOT_COMPREHENSIVELY_VALIDATED,PARTIAL_SUBTYPE_SEMANTICS,KL-61,dpt_spec_document_inventory,MAINLY_UNSTRUCTURED_METERING
13.001,13,1,43,32,FORMAT_CODEC,decode_v32,NOT_COMPREHENSIVELY_VALIDATED,PARTIAL_SUBTYPE_SEMANTICS,KL-61,dpt_spec_document_inventory,MAINLY_UNSTRUCTURED_COMMON
13.002,13,2,43,32,FORMAT_CODEC,decode_v32,NOT_COMPREHENSIVELY_VALIDATED,PARTIAL_SUBTYPE_SEMANTICS,KL-61,dpt_spec_document_inventory,MAINLY_UNSTRUCTURED_COMMON
13.010,13,10,43,32,FORMAT_CODEC,decode_v32,NOT_COMPREHENSIVELY_VALIDATED,PARTIAL_SUBTYPE_SEMANTICS,KL-61,dpt_spec_document_inventory,MAINLY_UNSTRUCTURED_COMMON
13.011,13,11,43,32,FORMAT_CODEC,decode_v32,NOT_COMPREHENSIVELY_VALIDATED,PARTIAL_SUBTYPE_SEMANTICS,KL-61,dpt_spec_document_inventory,MAINLY_UNSTRUCTURED_COMMON
13.012,13,12,43,32,FORMAT_CODEC,decode_v32,NOT_COMPREHENSIVELY_VALIDATED,PARTIAL_SUBTYPE_SEMANTICS,KL-61,dpt_spec_document_inventory,MAINLY_UNSTRUCTURED_COMMON
13.013,13,13,43,32,FORMAT_CODEC,decode_v32,NOT_COMPREHENSIVELY_VALIDATED,PARTIAL_SUBTYPE_SEMANTICS,KL-61,dpt_spec_document_inventory,MAINLY_UNSTRUCTURED_COMMON
13.014,13,14,43,32,FORMAT_CODEC,decode_v32,NOT_COMPREHENSIVELY_VALIDATED,PARTIAL_SUBTYPE_SEMANTICS,KL-61,dpt_spec_document_inventory,MAINLY_UNSTRUCTURED_COMMON
13.015,13,15,43,32,FORMAT_CODEC,decode_v32,NOT_COMPREHENSIVELY_VALIDATED,PARTIAL_SUBTYPE_SEMANTICS,KL-61,dpt_spec_document_inventory,MAINLY_UNSTRUCTURED_COMMON
13.016,13,16,43,32,FORMAT_CODEC,decode_v32,NOT_COMPREHENSIVELY_VALIDATED,PARTIAL_SUBTYPE_SEMANTICS,KL-61,dpt_spec_document_inventory,MAINLY_UNSTRUCTURED_COMMON
13.100,13,100,44,32,FORMAT_CODEC,decode_v32,NOT_COMPREHENSIVELY_VALIDATED,PARTIAL_SUBTYPE_SEMANTICS,KL-61,dpt_spec_document_inventory,MAINLY_UNSTRUCTURED_HVAC
13.1200,13,1200,212,32,FORMAT_CODEC,decode_v32,NOT_COMPREHENSIVELY_VALIDATED,PARTIAL_SUBTYPE_SEMANTICS,KL-61,dpt_spec_document_inventory,MAINLY_UNSTRUCTURED_METERING
13.1201,13,1201,212,32,FORMAT_CODEC,decode_v32,NOT_COMPREHENSIVELY_VALIDATED,PARTIAL_SUBTYPE_SEMANTICS,KL-61,dpt_spec_document_inventory,MAINLY_UNSTRUCTURED_METERING
14.000,14,0,44,32,FORMAT_CODEC,decode_f32,NOT_COMPREHENSIVELY_VALIDATED,PARTIAL_SUBTYPE_SEMANTICS,KL-61,dpt_spec_document_inventory,MAINLY_UNSTRUCTURED_COMMON
14.001,14,1,44,32,FORMAT_CODEC,decode_f32,NOT_COMPREHENSIVELY_VALIDATED,PARTIAL_SUBTYPE_SEMANTICS,KL-61,dpt_spec_document_inventory,MAINLY_UNSTRUCTURED_COMMON
14.002,14,2,44,32,FORMAT_CODEC,decode_f32,NOT_COMPREHENSIVELY_VALIDATED,PARTIAL_SUBTYPE_SEMANTICS,KL-61,dpt_spec_document_inventory,MAINLY_UNSTRUCTURED_COMMON
14.003,14,3,44,32,FORMAT_CODEC,decode_f32,NOT_COMPREHENSIVELY_VALIDATED,PARTIAL_SUBTYPE_SEMANTICS,KL-61,dpt_spec_document_inventory,MAINLY_UNSTRUCTURED_COMMON
14.004,14,4,44,32,FORMAT_CODEC,decode_f32,NOT_COMPREHENSIVELY_VALIDATED,PARTIAL_SUBTYPE_SEMANTICS,KL-61,dpt_spec_document_inventory,MAINLY_UNSTRUCTURED_COMMON
14.005,14,5,44,32,FORMAT_CODEC,decode_f32,NOT_COMPREHENSIVELY_VALIDATED,PARTIAL_SUBTYPE_SEMANTICS,KL-61,dpt_spec_document_inventory,MAINLY_UNSTRUCTURED_COMMON
14.006,14,6,44,32,FORMAT_CODEC,decode_f32,NOT_COMPREHENSIVELY_VALIDATED,PARTIAL_SUBTYPE_SEMANTICS,KL-61,dpt_spec_document_inventory,MAINLY_UNSTRUCTURED_COMMON
14.007,14,7,44,32,FORMAT_CODEC,decode_f32,NOT_COMPREHENSIVELY_VALIDATED,PARTIAL_SUBTYPE_SEMANTICS,KL-61,dpt_spec_document_inventory,MAINLY_UNSTRUCTURED_COMMON
14.008,14,8,44,32,FORMAT_CODEC,decode_f32,NOT_COMPREHENSIVELY_VALIDATED,PARTIAL_SUBTYPE_SEMANTICS,KL-61,dpt_spec_document_inventory,MAINLY_UNSTRUCTURED_COMMON
14.009,14,9,44,32,FORMAT_CODEC,decode_f32,NOT_COMPREHENSIVELY_VALIDATED,PARTIAL_SUBTYPE_SEMANTICS,KL-61,dpt_spec_document_inventory,MAINLY_UNSTRUCTURED_COMMON
14.010,14,10,45,32,FORMAT_CODEC,decode_f32,NOT_COMPREHENSIVELY_VALIDATED,PARTIAL_SUBTYPE_SEMANTICS,KL-61,dpt_spec_document_inventory,MAINLY_UNSTRUCTURED_COMMON
14.011,14,11,45,32,FORMAT_CODEC,decode_f32,NOT_COMPREHENSIVELY_VALIDATED,PARTIAL_SUBTYPE_SEMANTICS,KL-61,dpt_spec_document_inventory,MAINLY_UNSTRUCTURED_COMMON
14.012,14,12,45,32,FORMAT_CODEC,decode_f32,NOT_COMPREHENSIVELY_VALIDATED,PARTIAL_SUBTYPE_SEMANTICS,KL-61,dpt_spec_document_inventory,MAINLY_UNSTRUCTURED_COMMON
14.013,14,13,45,32,FORMAT_CODEC,decode_f32,NOT_COMPREHENSIVELY_VALIDATED,PARTIAL_SUBTYPE_SEMANTICS,KL-61,dpt_spec_document_inventory,MAINLY_UNSTRUCTURED_COMMON
14.014,14,14,45,32,FORMAT_CODEC,decode_f32,NOT_COMPREHENSIVELY_VALIDATED,PARTIAL_SUBTYPE_SEMANTICS,KL-61,dpt_spec_document_inventory,MAINLY_UNSTRUCTURED_COMMON
14.015,14,15,45,32,FORMAT_CODEC,decode_f32,NOT_COMPREHENSIVELY_VALIDATED,PARTIAL_SUBTYPE_SEMANTICS,KL-61,dpt_spec_document_inventory,MAINLY_UNSTRUCTURED_COMMON
14.016,14,16,45,32,FORMAT_CODEC,decode_f32,NOT_COMPREHENSIVELY_VALIDATED,PARTIAL_SUBTYPE_SEMANTICS,KL-61,dpt_spec_document_inventory,MAINLY_UNSTRUCTURED_COMMON
14.017,14,17,45,32,FORMAT_CODEC,decode_f32,NOT_COMPREHENSIVELY_VALIDATED,PARTIAL_SUBTYPE_SEMANTICS,KL-61,dpt_spec_document_inventory,MAINLY_UNSTRUCTURED_COMMON
14.018,14,18,45,32,FORMAT_CODEC,decode_f32,NOT_COMPREHENSIVELY_VALIDATED,PARTIAL_SUBTYPE_SEMANTICS,KL-61,dpt_spec_document_inventory,MAINLY_UNSTRUCTURED_COMMON
14.019,14,19,45,32,FORMAT_CODEC,decode_f32,NOT_COMPREHENSIVELY_VALIDATED,PARTIAL_SUBTYPE_SEMANTICS,KL-61,dpt_spec_document_inventory,MAINLY_UNSTRUCTURED_COMMON
14.020,14,20,45,32,FORMAT_CODEC,decode_f32,NOT_COMPREHENSIVELY_VALIDATED,PARTIAL_SUBTYPE_SEMANTICS,KL-61,dpt_spec_document_inventory,MAINLY_UNSTRUCTURED_COMMON
14.021,14,21,45,32,FORMAT_CODEC,decode_f32,NOT_COMPREHENSIVELY_VALIDATED,PARTIAL_SUBTYPE_SEMANTICS,KL-61,dpt_spec_document_inventory,MAINLY_UNSTRUCTURED_COMMON
14.022,14,22,45,32,FORMAT_CODEC,decode_f32,NOT_COMPREHENSIVELY_VALIDATED,PARTIAL_SUBTYPE_SEMANTICS,KL-61,dpt_spec_document_inventory,MAINLY_UNSTRUCTURED_COMMON
14.023,14,23,45,32,FORMAT_CODEC,decode_f32,NOT_COMPREHENSIVELY_VALIDATED,PARTIAL_SUBTYPE_SEMANTICS,KL-61,dpt_spec_document_inventory,MAINLY_UNSTRUCTURED_COMMON
14.024,14,24,45,32,FORMAT_CODEC,decode_f32,NOT_COMPREHENSIVELY_VALIDATED,PARTIAL_SUBTYPE_SEMANTICS,KL-61,dpt_spec_document_inventory,MAINLY_UNSTRUCTURED_COMMON
14.025,14,25,45,32,FORMAT_CODEC,decode_f32,NOT_COMPREHENSIVELY_VALIDATED,PARTIAL_SUBTYPE_SEMANTICS,KL-61,dpt_spec_document_inventory,MAINLY_UNSTRUCTURED_COMMON
14.026,14,26,45,32,FORMAT_CODEC,decode_f32,NOT_COMPREHENSIVELY_VALIDATED,PARTIAL_SUBTYPE_SEMANTICS,KL-61,dpt_spec_document_inventory,MAINLY_UNSTRUCTURED_COMMON
14.027,14,27,45,32,FORMAT_CODEC,decode_f32,NOT_COMPREHENSIVELY_VALIDATED,PARTIAL_SUBTYPE_SEMANTICS,KL-61,dpt_spec_document_inventory,MAINLY_UNSTRUCTURED_COMMON
14.028,14,28,45,32,FORMAT_CODEC,decode_f32,NOT_COMPREHENSIVELY_VALIDATED,PARTIAL_SUBTYPE_SEMANTICS,KL-61,dpt_spec_document_inventory,MAINLY_UNSTRUCTURED_COMMON
14.029,14,29,45,32,FORMAT_CODEC,decode_f32,NOT_COMPREHENSIVELY_VALIDATED,PARTIAL_SUBTYPE_SEMANTICS,KL-61,dpt_spec_document_inventory,MAINLY_UNSTRUCTURED_COMMON
14.030,14,30,45,32,FORMAT_CODEC,decode_f32,NOT_COMPREHENSIVELY_VALIDATED,PARTIAL_SUBTYPE_SEMANTICS,KL-61,dpt_spec_document_inventory,MAINLY_UNSTRUCTURED_COMMON
14.031,14,31,45,32,FORMAT_CODEC,decode_f32,NOT_COMPREHENSIVELY_VALIDATED,PARTIAL_SUBTYPE_SEMANTICS,KL-61,dpt_spec_document_inventory,MAINLY_UNSTRUCTURED_COMMON
14.032,14,32,45,32,FORMAT_CODEC,decode_f32,NOT_COMPREHENSIVELY_VALIDATED,PARTIAL_SUBTYPE_SEMANTICS,KL-61,dpt_spec_document_inventory,MAINLY_UNSTRUCTURED_COMMON
14.033,14,33,45,32,FORMAT_CODEC,decode_f32,NOT_COMPREHENSIVELY_VALIDATED,PARTIAL_SUBTYPE_SEMANTICS,KL-61,dpt_spec_document_inventory,MAINLY_UNSTRUCTURED_COMMON
14.034,14,34,45,32,FORMAT_CODEC,decode_f32,NOT_COMPREHENSIVELY_VALIDATED,PARTIAL_SUBTYPE_SEMANTICS,KL-61,dpt_spec_document_inventory,MAINLY_UNSTRUCTURED_COMMON
14.035,14,35,45,32,FORMAT_CODEC,decode_f32,NOT_COMPREHENSIVELY_VALIDATED,PARTIAL_SUBTYPE_SEMANTICS,KL-61,dpt_spec_document_inventory,MAINLY_UNSTRUCTURED_COMMON
14.036,14,36,45,32,FORMAT_CODEC,decode_f32,NOT_COMPREHENSIVELY_VALIDATED,PARTIAL_SUBTYPE_SEMANTICS,KL-61,dpt_spec_document_inventory,MAINLY_UNSTRUCTURED_COMMON
14.037,14,37,45,32,FORMAT_CODEC,decode_f32,NOT_COMPREHENSIVELY_VALIDATED,PARTIAL_SUBTYPE_SEMANTICS,KL-61,dpt_spec_document_inventory,MAINLY_UNSTRUCTURED_COMMON
14.038,14,38,45,32,FORMAT_CODEC,decode_f32,NOT_COMPREHENSIVELY_VALIDATED,PARTIAL_SUBTYPE_SEMANTICS,KL-61,dpt_spec_document_inventory,MAINLY_UNSTRUCTURED_COMMON
14.039,14,39,45,32,FORMAT_CODEC,decode_f32,NOT_COMPREHENSIVELY_VALIDATED,PARTIAL_SUBTYPE_SEMANTICS,KL-61,dpt_spec_document_inventory,MAINLY_UNSTRUCTURED_COMMON
14.040,14,40,45,32,FORMAT_CODEC,decode_f32,NOT_COMPREHENSIVELY_VALIDATED,PARTIAL_SUBTYPE_SEMANTICS,KL-61,dpt_spec_document_inventory,MAINLY_UNSTRUCTURED_COMMON
14.041,14,41,45,32,FORMAT_CODEC,decode_f32,NOT_COMPREHENSIVELY_VALIDATED,PARTIAL_SUBTYPE_SEMANTICS,KL-61,dpt_spec_document_inventory,MAINLY_UNSTRUCTURED_COMMON
14.042,14,42,45,32,FORMAT_CODEC,decode_f32,NOT_COMPREHENSIVELY_VALIDATED,PARTIAL_SUBTYPE_SEMANTICS,KL-61,dpt_spec_document_inventory,MAINLY_UNSTRUCTURED_COMMON
14.043,14,43,45,32,FORMAT_CODEC,decode_f32,NOT_COMPREHENSIVELY_VALIDATED,PARTIAL_SUBTYPE_SEMANTICS,KL-61,dpt_spec_document_inventory,MAINLY_UNSTRUCTURED_COMMON
14.044,14,44,45,32,FORMAT_CODEC,decode_f32,NOT_COMPREHENSIVELY_VALIDATED,PARTIAL_SUBTYPE_SEMANTICS,KL-61,dpt_spec_document_inventory,MAINLY_UNSTRUCTURED_COMMON
14.045,14,45,45,32,FORMAT_CODEC,decode_f32,NOT_COMPREHENSIVELY_VALIDATED,PARTIAL_SUBTYPE_SEMANTICS,KL-61,dpt_spec_document_inventory,MAINLY_UNSTRUCTURED_COMMON
14.046,14,46,45,32,FORMAT_CODEC,decode_f32,NOT_COMPREHENSIVELY_VALIDATED,PARTIAL_SUBTYPE_SEMANTICS,KL-61,dpt_spec_document_inventory,MAINLY_UNSTRUCTURED_COMMON
14.047,14,47,45,32,FORMAT_CODEC,decode_f32,NOT_COMPREHENSIVELY_VALIDATED,PARTIAL_SUBTYPE_SEMANTICS,KL-61,dpt_spec_document_inventory,MAINLY_UNSTRUCTURED_COMMON
14.048,14,48,45,32,FORMAT_CODEC,decode_f32,NOT_COMPREHENSIVELY_VALIDATED,PARTIAL_SUBTYPE_SEMANTICS,KL-61,dpt_spec_document_inventory,MAINLY_UNSTRUCTURED_COMMON
14.049,14,49,45,32,FORMAT_CODEC,decode_f32,NOT_COMPREHENSIVELY_VALIDATED,PARTIAL_SUBTYPE_SEMANTICS,KL-61,dpt_spec_document_inventory,MAINLY_UNSTRUCTURED_COMMON
14.050,14,50,45,32,FORMAT_CODEC,decode_f32,NOT_COMPREHENSIVELY_VALIDATED,PARTIAL_SUBTYPE_SEMANTICS,KL-61,dpt_spec_document_inventory,MAINLY_UNSTRUCTURED_COMMON
14.051,14,51,46,32,FORMAT_CODEC,decode_f32,NOT_COMPREHENSIVELY_VALIDATED,PARTIAL_SUBTYPE_SEMANTICS,KL-61,dpt_spec_document_inventory,MAINLY_UNSTRUCTURED_COMMON
14.052,14,52,46,32,FORMAT_CODEC,decode_f32,NOT_COMPREHENSIVELY_VALIDATED,PARTIAL_SUBTYPE_SEMANTICS,KL-61,dpt_spec_document_inventory,MAINLY_UNSTRUCTURED_COMMON
14.053,14,53,46,32,FORMAT_CODEC,decode_f32,NOT_COMPREHENSIVELY_VALIDATED,PARTIAL_SUBTYPE_SEMANTICS,KL-61,dpt_spec_document_inventory,MAINLY_UNSTRUCTURED_COMMON
14.054,14,54,46,32,FORMAT_CODEC,decode_f32,NOT_COMPREHENSIVELY_VALIDATED,PARTIAL_SUBTYPE_SEMANTICS,KL-61,dpt_spec_document_inventory,MAINLY_UNSTRUCTURED_COMMON
14.055,14,55,46,32,FORMAT_CODEC,decode_f32,NOT_COMPREHENSIVELY_VALIDATED,PARTIAL_SUBTYPE_SEMANTICS,KL-61,dpt_spec_document_inventory,MAINLY_UNSTRUCTURED_COMMON
14.056,14,56,40;46,32,FORMAT_CODEC,decode_f32,NOT_COMPREHENSIVELY_VALIDATED,PARTIAL_SUBTYPE_SEMANTICS,KL-61,dpt_spec_document_inventory,MAINLY_UNSTRUCTURED_COMMON
14.057,14,57,46,32,FORMAT_CODEC,decode_f32,NOT_COMPREHENSIVELY_VALIDATED,PARTIAL_SUBTYPE_SEMANTICS,KL-61,dpt_spec_document_inventory,MAINLY_UNSTRUCTURED_COMMON
14.058,14,58,46,32,FORMAT_CODEC,decode_f32,NOT_COMPREHENSIVELY_VALIDATED,PARTIAL_SUBTYPE_SEMANTICS,KL-61,dpt_spec_document_inventory,MAINLY_UNSTRUCTURED_COMMON
14.059,14,59,46,32,FORMAT_CODEC,decode_f32,NOT_COMPREHENSIVELY_VALIDATED,PARTIAL_SUBTYPE_SEMANTICS,KL-61,dpt_spec_document_inventory,MAINLY_UNSTRUCTURED_COMMON
14.060,14,60,46,32,FORMAT_CODEC,decode_f32,NOT_COMPREHENSIVELY_VALIDATED,PARTIAL_SUBTYPE_SEMANTICS,KL-61,dpt_spec_document_inventory,MAINLY_UNSTRUCTURED_COMMON
14.061,14,61,46,32,FORMAT_CODEC,decode_f32,NOT_COMPREHENSIVELY_VALIDATED,PARTIAL_SUBTYPE_SEMANTICS,KL-61,dpt_spec_document_inventory,MAINLY_UNSTRUCTURED_COMMON
14.062,14,62,46,32,FORMAT_CODEC,decode_f32,NOT_COMPREHENSIVELY_VALIDATED,PARTIAL_SUBTYPE_SEMANTICS,KL-61,dpt_spec_document_inventory,MAINLY_UNSTRUCTURED_COMMON
14.063,14,63,46,32,FORMAT_CODEC,decode_f32,NOT_COMPREHENSIVELY_VALIDATED,PARTIAL_SUBTYPE_SEMANTICS,KL-61,dpt_spec_document_inventory,MAINLY_UNSTRUCTURED_COMMON
14.064,14,64,46,32,FORMAT_CODEC,decode_f32,NOT_COMPREHENSIVELY_VALIDATED,PARTIAL_SUBTYPE_SEMANTICS,KL-61,dpt_spec_document_inventory,MAINLY_UNSTRUCTURED_COMMON
14.065,14,65,46,32,FORMAT_CODEC,decode_f32,NOT_COMPREHENSIVELY_VALIDATED,PARTIAL_SUBTYPE_SEMANTICS,KL-61,dpt_spec_document_inventory,MAINLY_UNSTRUCTURED_COMMON
14.066,14,66,46,32,FORMAT_CODEC,decode_f32,NOT_COMPREHENSIVELY_VALIDATED,PARTIAL_SUBTYPE_SEMANTICS,KL-61,dpt_spec_document_inventory,MAINLY_UNSTRUCTURED_COMMON
14.067,14,67,46,32,FORMAT_CODEC,decode_f32,NOT_COMPREHENSIVELY_VALIDATED,PARTIAL_SUBTYPE_SEMANTICS,KL-61,dpt_spec_document_inventory,MAINLY_UNSTRUCTURED_COMMON
14.068,14,68,46,32,FORMAT_CODEC,decode_f32,NOT_COMPREHENSIVELY_VALIDATED,PARTIAL_SUBTYPE_SEMANTICS,KL-61,dpt_spec_document_inventory,MAINLY_UNSTRUCTURED_COMMON
14.069,14,69,46,32,FORMAT_CODEC,decode_f32,NOT_COMPREHENSIVELY_VALIDATED,PARTIAL_SUBTYPE_SEMANTICS,KL-61,dpt_spec_document_inventory,MAINLY_UNSTRUCTURED_COMMON
14.070,14,70,46,32,FORMAT_CODEC,decode_f32,NOT_COMPREHENSIVELY_VALIDATED,PARTIAL_SUBTYPE_SEMANTICS,KL-61,dpt_spec_document_inventory,MAINLY_UNSTRUCTURED_COMMON
14.071,14,71,46,32,FORMAT_CODEC,decode_f32,NOT_COMPREHENSIVELY_VALIDATED,PARTIAL_SUBTYPE_SEMANTICS,KL-61,dpt_spec_document_inventory,MAINLY_UNSTRUCTURED_COMMON
14.072,14,72,46,32,FORMAT_CODEC,decode_f32,NOT_COMPREHENSIVELY_VALIDATED,PARTIAL_SUBTYPE_SEMANTICS,KL-61,dpt_spec_document_inventory,MAINLY_UNSTRUCTURED_COMMON
14.073,14,73,46,32,FORMAT_CODEC,decode_f32,NOT_COMPREHENSIVELY_VALIDATED,PARTIAL_SUBTYPE_SEMANTICS,KL-61,dpt_spec_document_inventory,MAINLY_UNSTRUCTURED_COMMON
14.074,14,74,46,32,FORMAT_CODEC,decode_f32,NOT_COMPREHENSIVELY_VALIDATED,PARTIAL_SUBTYPE_SEMANTICS,KL-61,dpt_spec_document_inventory,MAINLY_UNSTRUCTURED_COMMON
14.075,14,75,46,32,FORMAT_CODEC,decode_f32,NOT_COMPREHENSIVELY_VALIDATED,PARTIAL_SUBTYPE_SEMANTICS,KL-61,dpt_spec_document_inventory,MAINLY_UNSTRUCTURED_COMMON
14.076,14,76,46,32,FORMAT_CODEC,decode_f32,NOT_COMPREHENSIVELY_VALIDATED,PARTIAL_SUBTYPE_SEMANTICS,KL-61,dpt_spec_document_inventory,MAINLY_UNSTRUCTURED_COMMON
14.077,14,77,46,32,FORMAT_CODEC,decode_f32,NOT_COMPREHENSIVELY_VALIDATED,PARTIAL_SUBTYPE_SEMANTICS,KL-61,dpt_spec_document_inventory,MAINLY_UNSTRUCTURED_COMMON
14.078,14,78,46,32,FORMAT_CODEC,decode_f32,NOT_COMPREHENSIVELY_VALIDATED,PARTIAL_SUBTYPE_SEMANTICS,KL-61,dpt_spec_document_inventory,MAINLY_UNSTRUCTURED_COMMON
14.079,14,79,46,32,FORMAT_CODEC,decode_f32,NOT_COMPREHENSIVELY_VALIDATED,PARTIAL_SUBTYPE_SEMANTICS,KL-61,dpt_spec_document_inventory,MAINLY_UNSTRUCTURED_COMMON
14.080,14,80,46,32,FORMAT_CODEC,decode_f32,NOT_COMPREHENSIVELY_VALIDATED,PARTIAL_SUBTYPE_SEMANTICS,KL-61,dpt_spec_document_inventory,MAINLY_UNSTRUCTURED_COMMON
14.1200,14,1200,212,32,FORMAT_CODEC,decode_f32,NOT_COMPREHENSIVELY_VALIDATED,PARTIAL_SUBTYPE_SEMANTICS,KL-61,dpt_spec_document_inventory,MAINLY_UNSTRUCTURED_METERING
14.1201,14,1201,212,32,FORMAT_CODEC,decode_f32,NOT_COMPREHENSIVELY_VALIDATED,PARTIAL_SUBTYPE_SEMANTICS,KL-61,dpt_spec_document_inventory,MAINLY_UNSTRUCTURED_METERING
15.000,15,0,47,32,FORMAT_CODEC,decode_access_data,NOT_COMPREHENSIVELY_VALIDATED,PARTIAL_SUBTYPE_SEMANTICS,KL-61,dpt_spec_document_inventory,MAINLY_UNSTRUCTURED_COMMON
16.000,16,0,48,112,FORMAT_CODEC,decode_a14,NOT_COMPREHENSIVELY_VALIDATED,PARTIAL_SUBTYPE_SEMANTICS,KL-61,dpt_spec_document_inventory,MAINLY_UNSTRUCTURED_COMMON
16.001,16,1,48,112,FORMAT_CODEC,decode_a14,NOT_COMPREHENSIVELY_VALIDATED,PARTIAL_SUBTYPE_SEMANTICS,KL-61,dpt_spec_document_inventory,MAINLY_UNSTRUCTURED_COMMON
17.001,17,1,48,8,FORMAT_CODEC,decode_scene,NOT_COMPREHENSIVELY_VALIDATED,PARTIAL_SUBTYPE_SEMANTICS,KL-61,dpt_spec_document_inventory,MAINLY_UNSTRUCTURED_COMMON
18.001,18,1,49,8,FORMAT_CODEC,decode_scene_control,NOT_COMPREHENSIVELY_VALIDATED,PARTIAL_SUBTYPE_SEMANTICS,KL-61,dpt_spec_document_inventory,MAINLY_UNSTRUCTURED_COMMON
19.001,19,1,50,64,FORMAT_CODEC,decode_datetime,NOT_COMPREHENSIVELY_VALIDATED,PARTIAL_SUBTYPE_SEMANTICS,KL-61,dpt_spec_document_inventory,MAINLY_UNSTRUCTURED_COMMON
20.001,20,1,53,8,FORMAT_CODEC,decode_n8,NOT_COMPREHENSIVELY_VALIDATED,PARTIAL_SUBTYPE_SEMANTICS,KL-61,dpt_spec_document_inventory,MAINLY_UNSTRUCTURED_COMMON
20.002,20,2,53,8,FORMAT_CODEC,decode_n8,NOT_COMPREHENSIVELY_VALIDATED,PARTIAL_SUBTYPE_SEMANTICS,KL-61,dpt_spec_document_inventory,MAINLY_UNSTRUCTURED_COMMON
20.003,20,3,53,8,FORMAT_CODEC,decode_n8,NOT_COMPREHENSIVELY_VALIDATED,PARTIAL_SUBTYPE_SEMANTICS,KL-61,dpt_spec_document_inventory,MAINLY_UNSTRUCTURED_COMMON
20.004,20,4,53,8,FORMAT_CODEC,decode_n8,NOT_COMPREHENSIVELY_VALIDATED,PARTIAL_SUBTYPE_SEMANTICS,KL-61,dpt_spec_document_inventory,MAINLY_UNSTRUCTURED_COMMON
20.005,20,5,53,8,FORMAT_CODEC,decode_n8,NOT_COMPREHENSIVELY_VALIDATED,PARTIAL_SUBTYPE_SEMANTICS,KL-61,dpt_spec_document_inventory,MAINLY_UNSTRUCTURED_COMMON
20.006,20,6,54,8,FORMAT_CODEC,decode_n8,NOT_COMPREHENSIVELY_VALIDATED,PARTIAL_SUBTYPE_SEMANTICS,KL-61,dpt_spec_document_inventory,MAINLY_UNSTRUCTURED_COMMON
20.007,20,7,54,8,FORMAT_CODEC,decode_n8,NOT_COMPREHENSIVELY_VALIDATED,PARTIAL_SUBTYPE_SEMANTICS,KL-61,dpt_spec_document_inventory,MAINLY_UNSTRUCTURED_COMMON
20.008,20,8,54,8,FORMAT_CODEC,decode_n8,NOT_COMPREHENSIVELY_VALIDATED,PARTIAL_SUBTYPE_SEMANTICS,KL-61,dpt_spec_document_inventory,MAINLY_UNSTRUCTURED_COMMON
20.011,20,11,55,8,FORMAT_CODEC,decode_n8,NOT_COMPREHENSIVELY_VALIDATED,PARTIAL_SUBTYPE_SEMANTICS,KL-61,dpt_spec_document_inventory,MAINLY_UNSTRUCTURED_COMMON
20.012,20,12,55,8,FORMAT_CODEC,decode_n8,NOT_COMPREHENSIVELY_VALIDATED,PARTIAL_SUBTYPE_SEMANTICS,KL-61,dpt_spec_document_inventory,MAINLY_UNSTRUCTURED_COMMON
20.013,20,13,56,8,FORMAT_CODEC,decode_n8,NOT_COMPREHENSIVELY_VALIDATED,PARTIAL_SUBTYPE_SEMANTICS,KL-61,dpt_spec_document_inventory,MAINLY_UNSTRUCTURED_COMMON
20.014,20,14,39;40;56,8,FORMAT_CODEC,decode_n8,NOT_COMPREHENSIVELY_VALIDATED,PARTIAL_SUBTYPE_SEMANTICS,KL-61,dpt_spec_document_inventory,MAINLY_UNSTRUCTURED_COMMON
20.017,20,17,57,8,FORMAT_CODEC,decode_n8,NOT_COMPREHENSIVELY_VALIDATED,PARTIAL_SUBTYPE_SEMANTICS,KL-61,dpt_spec_document_inventory,MAINLY_UNSTRUCTURED_COMMON
20.020,20,20,57,8,FORMAT_CODEC,decode_n8,NOT_COMPREHENSIVELY_VALIDATED,PARTIAL_SUBTYPE_SEMANTICS,KL-61,dpt_spec_document_inventory,MAINLY_UNSTRUCTURED_COMMON
20.021,20,21,57,8,FORMAT_CODEC,decode_n8,NOT_COMPREHENSIVELY_VALIDATED,PARTIAL_SUBTYPE_SEMANTICS,KL-61,dpt_spec_document_inventory,MAINLY_UNSTRUCTURED_COMMON
20.022,20,22,57,8,FORMAT_CODEC,decode_n8,REFUSE_GENERIC_WRITE,PARTIAL_SUBTYPE_SEMANTICS,KL-61,dpt_spec_document_inventory,MAINLY_UNSTRUCTURED_COMMON
20.100,20,100,115,8,FORMAT_CODEC,decode_n8,NOT_COMPREHENSIVELY_VALIDATED,PARTIAL_SUBTYPE_SEMANTICS,KL-61,dpt_spec_document_inventory,MAINLY_UNSTRUCTURED_HVAC
20.101,20,101,115,8,FORMAT_CODEC,decode_n8,NOT_COMPREHENSIVELY_VALIDATED,PARTIAL_SUBTYPE_SEMANTICS,KL-61,dpt_spec_document_inventory,MAINLY_UNSTRUCTURED_HVAC
20.102,20,102,115,8,FORMAT_CODEC,decode_n8,NOT_COMPREHENSIVELY_VALIDATED,PARTIAL_SUBTYPE_SEMANTICS,KL-61,dpt_spec_document_inventory,MAINLY_UNSTRUCTURED_HVAC
20.103,20,103,115,8,FORMAT_CODEC,decode_n8,NOT_COMPREHENSIVELY_VALIDATED,PARTIAL_SUBTYPE_SEMANTICS,KL-61,dpt_spec_document_inventory,MAINLY_UNSTRUCTURED_HVAC
20.104,20,104,116,8,FORMAT_CODEC,decode_n8,NOT_COMPREHENSIVELY_VALIDATED,PARTIAL_SUBTYPE_SEMANTICS,KL-61,dpt_spec_document_inventory,MAINLY_UNSTRUCTURED_HVAC
20.105,20,105,116,8,FORMAT_CODEC,decode_n8,NOT_COMPREHENSIVELY_VALIDATED,PARTIAL_SUBTYPE_SEMANTICS,KL-61,dpt_spec_document_inventory,MAINLY_UNSTRUCTURED_HVAC
20.106,20,106,116,8,FORMAT_CODEC,decode_n8,NOT_COMPREHENSIVELY_VALIDATED,PARTIAL_SUBTYPE_SEMANTICS,KL-61,dpt_spec_document_inventory,MAINLY_UNSTRUCTURED_HVAC
20.107,20,107,116,8,FORMAT_CODEC,decode_n8,NOT_COMPREHENSIVELY_VALIDATED,PARTIAL_SUBTYPE_SEMANTICS,KL-61,dpt_spec_document_inventory,MAINLY_UNSTRUCTURED_HVAC
20.108,20,108,117,8,FORMAT_CODEC,decode_n8,NOT_COMPREHENSIVELY_VALIDATED,PARTIAL_SUBTYPE_SEMANTICS,KL-61,dpt_spec_document_inventory,MAINLY_UNSTRUCTURED_HVAC
20.109,20,109,117,8,FORMAT_CODEC,decode_n8,NOT_COMPREHENSIVELY_VALIDATED,PARTIAL_SUBTYPE_SEMANTICS,KL-61,dpt_spec_document_inventory,MAINLY_UNSTRUCTURED_HVAC
20.110,20,110,117,8,FORMAT_CODEC,decode_n8,NOT_COMPREHENSIVELY_VALIDATED,PARTIAL_SUBTYPE_SEMANTICS,KL-61,dpt_spec_document_inventory,MAINLY_UNSTRUCTURED_HVAC
20.111,20,111,117,8,FORMAT_CODEC,decode_n8,NOT_COMPREHENSIVELY_VALIDATED,PARTIAL_SUBTYPE_SEMANTICS,KL-61,dpt_spec_document_inventory,MAINLY_UNSTRUCTURED_HVAC
20.112,20,112,117,8,FORMAT_CODEC,decode_n8,NOT_COMPREHENSIVELY_VALIDATED,PARTIAL_SUBTYPE_SEMANTICS,KL-61,dpt_spec_document_inventory,MAINLY_UNSTRUCTURED_HVAC
20.113,20,113,117,8,FORMAT_CODEC,decode_n8,NOT_COMPREHENSIVELY_VALIDATED,PARTIAL_SUBTYPE_SEMANTICS,KL-61,dpt_spec_document_inventory,MAINLY_UNSTRUCTURED_HVAC
20.114,20,114,118,8,FORMAT_CODEC,decode_n8,NOT_COMPREHENSIVELY_VALIDATED,PARTIAL_SUBTYPE_SEMANTICS,KL-61,dpt_spec_document_inventory,MAINLY_UNSTRUCTURED_HVAC
20.115,20,115,118,8,FORMAT_CODEC,decode_n8,NOT_COMPREHENSIVELY_VALIDATED,PARTIAL_SUBTYPE_SEMANTICS,KL-61,dpt_spec_document_inventory,MAINLY_UNSTRUCTURED_HVAC
20.120,20,120,118,8,FORMAT_CODEC,decode_n8,NOT_COMPREHENSIVELY_VALIDATED,PARTIAL_SUBTYPE_SEMANTICS,KL-61,dpt_spec_document_inventory,MAINLY_UNSTRUCTURED_HVAC
20.121,20,121,118,8,FORMAT_CODEC,decode_n8,NOT_COMPREHENSIVELY_VALIDATED,PARTIAL_SUBTYPE_SEMANTICS,KL-61,dpt_spec_document_inventory,MAINLY_UNSTRUCTURED_HVAC
20.122,20,122,119,8,FORMAT_CODEC,decode_n8,NOT_COMPREHENSIVELY_VALIDATED,PARTIAL_SUBTYPE_SEMANTICS,KL-61,dpt_spec_document_inventory,MAINLY_UNSTRUCTURED_HVAC
20.600,20,600,175,8,FORMAT_CODEC,decode_n8,NOT_COMPREHENSIVELY_VALIDATED,PARTIAL_SUBTYPE_SEMANTICS,KL-61,dpt_spec_document_inventory,MAINLY_UNSTRUCTURED_LIGHTING
20.601,20,601,176,8,FORMAT_CODEC,decode_n8,NOT_COMPREHENSIVELY_VALIDATED,PARTIAL_SUBTYPE_SEMANTICS,KL-61,dpt_spec_document_inventory,MAINLY_UNSTRUCTURED_LIGHTING
20.602,20,602,176,8,FORMAT_CODEC,decode_n8,NOT_COMPREHENSIVELY_VALIDATED,PARTIAL_SUBTYPE_SEMANTICS,KL-61,dpt_spec_document_inventory,MAINLY_UNSTRUCTURED_LIGHTING
20.603,20,603,176,8,FORMAT_CODEC,decode_n8,NOT_COMPREHENSIVELY_VALIDATED,PARTIAL_SUBTYPE_SEMANTICS,KL-61,dpt_spec_document_inventory,MAINLY_UNSTRUCTURED_LIGHTING
20.604,20,604,176,8,FORMAT_CODEC,decode_n8,NOT_COMPREHENSIVELY_VALIDATED,PARTIAL_SUBTYPE_SEMANTICS,KL-61,dpt_spec_document_inventory,MAINLY_UNSTRUCTURED_LIGHTING
20.605,20,605,176,8,FORMAT_CODEC,decode_n8,NOT_COMPREHENSIVELY_VALIDATED,PARTIAL_SUBTYPE_SEMANTICS,KL-61,dpt_spec_document_inventory,MAINLY_UNSTRUCTURED_LIGHTING
20.606,20,606,176,8,FORMAT_CODEC,decode_n8,NOT_COMPREHENSIVELY_VALIDATED,PARTIAL_SUBTYPE_SEMANTICS,KL-61,dpt_spec_document_inventory,MAINLY_UNSTRUCTURED_LIGHTING
20.607,20,607,177,8,FORMAT_CODEC,decode_n8,NOT_COMPREHENSIVELY_VALIDATED,PARTIAL_SUBTYPE_SEMANTICS,KL-61,dpt_spec_document_inventory,MAINLY_UNSTRUCTURED_LIGHTING
20.608,20,608,177,8,FORMAT_CODEC,decode_n8,NOT_COMPREHENSIVELY_VALIDATED,PARTIAL_SUBTYPE_SEMANTICS,KL-61,dpt_spec_document_inventory,MAINLY_UNSTRUCTURED_LIGHTING
20.609,20,609,177,8,FORMAT_CODEC,decode_n8,NOT_COMPREHENSIVELY_VALIDATED,PARTIAL_SUBTYPE_SEMANTICS,KL-61,dpt_spec_document_inventory,MAINLY_UNSTRUCTURED_LIGHTING
20.610,20,610,178,8,FORMAT_CODEC,decode_n8,NOT_COMPREHENSIVELY_VALIDATED,PARTIAL_SUBTYPE_SEMANTICS,KL-61,dpt_spec_document_inventory,MAINLY_UNSTRUCTURED_LIGHTING
20.611,20,611,178,8,FORMAT_CODEC,decode_n8,NOT_COMPREHENSIVELY_VALIDATED,PARTIAL_SUBTYPE_SEMANTICS,KL-61,dpt_spec_document_inventory,MAINLY_UNSTRUCTURED_LIGHTING
20.612,20,612,179,8,FORMAT_CODEC,decode_n8,NOT_COMPREHENSIVELY_VALIDATED,PARTIAL_SUBTYPE_SEMANTICS,KL-61,dpt_spec_document_inventory,MAINLY_UNSTRUCTURED_LIGHTING
20.613,20,613,179,8,FORMAT_CODEC,decode_n8,NOT_COMPREHENSIVELY_VALIDATED,PARTIAL_SUBTYPE_SEMANTICS,KL-61,dpt_spec_document_inventory,MAINLY_UNSTRUCTURED_LIGHTING
20.801,20,801,199,8,FORMAT_CODEC,decode_n8,NOT_COMPREHENSIVELY_VALIDATED,PARTIAL_SUBTYPE_SEMANTICS,KL-61,dpt_spec_document_inventory,MAINLY_UNSTRUCTURED_SHUTTERS
20.802,20,802,199,8,FORMAT_CODEC,decode_n8,NOT_COMPREHENSIVELY_VALIDATED,PARTIAL_SUBTYPE_SEMANTICS,KL-61,dpt_spec_document_inventory,MAINLY_UNSTRUCTURED_SHUTTERS
20.803,20,803,199,8,FORMAT_CODEC,decode_n8,NOT_COMPREHENSIVELY_VALIDATED,PARTIAL_SUBTYPE_SEMANTICS,KL-61,dpt_spec_document_inventory,MAINLY_UNSTRUCTURED_SHUTTERS
20.804,20,804,200,8,FORMAT_CODEC,decode_n8,NOT_COMPREHENSIVELY_VALIDATED,PARTIAL_SUBTYPE_SEMANTICS,KL-61,dpt_spec_document_inventory,MAINLY_UNSTRUCTURED_SHUTTERS
20.1000,20,1000,202,8,FORMAT_CODEC,decode_n8,NOT_COMPREHENSIVELY_VALIDATED,PARTIAL_SUBTYPE_SEMANTICS,KL-61,dpt_spec_document_inventory,MAINLY_UNSTRUCTURED_SYSTEM
20.1001,20,1001,202,8,FORMAT_CODEC,decode_n8,NOT_COMPREHENSIVELY_VALIDATED,PARTIAL_SUBTYPE_SEMANTICS,KL-61,dpt_spec_document_inventory,MAINLY_UNSTRUCTURED_SYSTEM
20.1002,20,1002,202,8,FORMAT_CODEC,decode_n8,NOT_COMPREHENSIVELY_VALIDATED,PARTIAL_SUBTYPE_SEMANTICS,KL-61,dpt_spec_document_inventory,MAINLY_UNSTRUCTURED_SYSTEM
20.1003,20,1003,203,8,FORMAT_CODEC,decode_n8,NOT_COMPREHENSIVELY_VALIDATED,PARTIAL_SUBTYPE_SEMANTICS,KL-61,dpt_spec_document_inventory,MAINLY_UNSTRUCTURED_SYSTEM
20.1004,20,1004,203,8,FORMAT_CODEC,decode_n8,NOT_COMPREHENSIVELY_VALIDATED,PARTIAL_SUBTYPE_SEMANTICS,KL-61,dpt_spec_document_inventory,MAINLY_UNSTRUCTURED_SYSTEM
20.1005,20,1005,203,8,FORMAT_CODEC,decode_n8,NOT_COMPREHENSIVELY_VALIDATED,PARTIAL_SUBTYPE_SEMANTICS,KL-61,dpt_spec_document_inventory,MAINLY_UNSTRUCTURED_SYSTEM
20.1200,20,1200,213,8,FORMAT_CODEC,decode_n8,NOT_COMPREHENSIVELY_VALIDATED,PARTIAL_SUBTYPE_SEMANTICS,KL-61,dpt_spec_document_inventory,MAINLY_UNSTRUCTURED_METERING
20.1202,20,1202,213,8,FORMAT_CODEC,decode_n8,NOT_COMPREHENSIVELY_VALIDATED,PARTIAL_SUBTYPE_SEMANTICS,KL-61,dpt_spec_document_inventory,MAINLY_UNSTRUCTURED_METERING
20.1203,20,1203,213,8,FORMAT_CODEC,decode_n8,NOT_COMPREHENSIVELY_VALIDATED,PARTIAL_SUBTYPE_SEMANTICS,KL-61,dpt_spec_document_inventory,MAINLY_UNSTRUCTURED_METERING
20.1204,20,1204,213,8,FORMAT_CODEC,decode_n8,NOT_COMPREHENSIVELY_VALIDATED,PARTIAL_SUBTYPE_SEMANTICS,KL-61,dpt_spec_document_inventory,MAINLY_UNSTRUCTURED_METERING
20.1205,20,1205,213,8,FORMAT_CODEC,decode_n8,NOT_COMPREHENSIVELY_VALIDATED,PARTIAL_SUBTYPE_SEMANTICS,KL-61,dpt_spec_document_inventory,MAINLY_UNSTRUCTURED_METERING
20.1206,20,1206,214,8,FORMAT_CODEC,decode_n8,NOT_COMPREHENSIVELY_VALIDATED,PARTIAL_SUBTYPE_SEMANTICS,KL-61,dpt_spec_document_inventory,MAINLY_UNSTRUCTURED_METERING
20.1207,20,1207,214,8,FORMAT_CODEC,decode_n8,NOT_COMPREHENSIVELY_VALIDATED,PARTIAL_SUBTYPE_SEMANTICS,KL-61,dpt_spec_document_inventory,MAINLY_UNSTRUCTURED_METERING
20.1208,20,1208,214,8,FORMAT_CODEC,decode_n8,NOT_COMPREHENSIVELY_VALIDATED,PARTIAL_SUBTYPE_SEMANTICS,KL-61,dpt_spec_document_inventory,MAINLY_UNSTRUCTURED_METERING
20.1209,20,1209,214,8,FORMAT_CODEC,decode_n8,NOT_COMPREHENSIVELY_VALIDATED,PARTIAL_SUBTYPE_SEMANTICS,KL-61,dpt_spec_document_inventory,MAINLY_UNSTRUCTURED_METERING
21.001,21,1,58,8,FORMAT_CODEC,decode_bit_set,NOT_COMPREHENSIVELY_VALIDATED,PARTIAL_SUBTYPE_SEMANTICS,KL-61,dpt_spec_document_inventory,MAINLY_UNSTRUCTURED_COMMON
21.002,21,2,59,8,FORMAT_CODEC,decode_bit_set,NOT_COMPREHENSIVELY_VALIDATED,PARTIAL_SUBTYPE_SEMANTICS,KL-61,dpt_spec_document_inventory,MAINLY_UNSTRUCTURED_COMMON
21.100,21,100,119,8,FORMAT_CODEC,decode_bit_set,NOT_COMPREHENSIVELY_VALIDATED,PARTIAL_SUBTYPE_SEMANTICS,KL-61,dpt_spec_document_inventory,MAINLY_UNSTRUCTURED_HVAC
21.101,21,101,120,8,FORMAT_CODEC,decode_bit_set,NOT_COMPREHENSIVELY_VALIDATED,PARTIAL_SUBTYPE_SEMANTICS,KL-61,dpt_spec_document_inventory,MAINLY_UNSTRUCTURED_HVAC
21.102,21,102,121,8,FORMAT_CODEC,decode_bit_set,NOT_COMPREHENSIVELY_VALIDATED,PARTIAL_SUBTYPE_SEMANTICS,KL-61,dpt_spec_document_inventory,MAINLY_UNSTRUCTURED_HVAC
21.103,21,103,122,8,FORMAT_CODEC,decode_bit_set,NOT_COMPREHENSIVELY_VALIDATED,PARTIAL_SUBTYPE_SEMANTICS,KL-61,dpt_spec_document_inventory,MAINLY_UNSTRUCTURED_HVAC
21.104,21,104,123,8,FORMAT_CODEC,decode_bit_set,NOT_COMPREHENSIVELY_VALIDATED,PARTIAL_SUBTYPE_SEMANTICS,KL-61,dpt_spec_document_inventory,MAINLY_UNSTRUCTURED_HVAC
21.105,21,105,124,8,FORMAT_CODEC,decode_bit_set,NOT_COMPREHENSIVELY_VALIDATED,PARTIAL_SUBTYPE_SEMANTICS,KL-61,dpt_spec_document_inventory,MAINLY_UNSTRUCTURED_HVAC
21.106,21,106,125,8,FORMAT_CODEC,decode_bit_set,NOT_COMPREHENSIVELY_VALIDATED,PARTIAL_SUBTYPE_SEMANTICS,KL-61,dpt_spec_document_inventory,MAINLY_UNSTRUCTURED_HVAC
21.601,21,601,180,8,FORMAT_CODEC,decode_bit_set,NOT_COMPREHENSIVELY_VALIDATED,PARTIAL_SUBTYPE_SEMANTICS,KL-61,dpt_spec_document_inventory,MAINLY_UNSTRUCTURED_LIGHTING
21.1000,21,1000,205,8,FORMAT_CODEC,decode_bit_set,NOT_COMPREHENSIVELY_VALIDATED,PARTIAL_SUBTYPE_SEMANTICS,KL-61,dpt_spec_document_inventory,MAINLY_UNSTRUCTURED_SYSTEM
21.1001,21,1001,206,8,FORMAT_CODEC,decode_bit_set,NOT_COMPREHENSIVELY_VALIDATED,PARTIAL_SUBTYPE_SEMANTICS,KL-61,dpt_spec_document_inventory,MAINLY_UNSTRUCTURED_SYSTEM
21.1002,21,1002,207,8,FORMAT_CODEC,decode_bit_set,NOT_COMPREHENSIVELY_VALIDATED,PARTIAL_SUBTYPE_SEMANTICS,KL-61,dpt_spec_document_inventory,MAINLY_UNSTRUCTURED_SYSTEM
21.1010,21,1010,207,8,FORMAT_CODEC,decode_bit_set,NOT_COMPREHENSIVELY_VALIDATED,PARTIAL_SUBTYPE_SEMANTICS,KL-61,dpt_spec_document_inventory,MAINLY_UNSTRUCTURED_SYSTEM
21.1200,21,1200,214,8,FORMAT_CODEC,decode_bit_set,NOT_COMPREHENSIVELY_VALIDATED,PARTIAL_SUBTYPE_SEMANTICS,KL-61,dpt_spec_document_inventory,MAINLY_UNSTRUCTURED_METERING
21.1201,21,1201,215,8,FORMAT_CODEC,decode_bit_set,NOT_COMPREHENSIVELY_VALIDATED,PARTIAL_SUBTYPE_SEMANTICS,KL-61,dpt_spec_document_inventory,MAINLY_UNSTRUCTURED_METERING
22.100,22,100,126,16,FORMAT_CODEC,decode_bit_set,NOT_COMPREHENSIVELY_VALIDATED,PARTIAL_SUBTYPE_SEMANTICS,KL-61,dpt_spec_document_inventory,MAINLY_UNSTRUCTURED_HVAC
22.101,22,101,127,16,FORMAT_CODEC,decode_bit_set,NOT_COMPREHENSIVELY_VALIDATED,PARTIAL_SUBTYPE_SEMANTICS,KL-61,dpt_spec_document_inventory,MAINLY_UNSTRUCTURED_HVAC
22.1000,22,1000,208,16,FORMAT_CODEC,decode_bit_set,NOT_COMPREHENSIVELY_VALIDATED,PARTIAL_SUBTYPE_SEMANTICS,KL-61,dpt_spec_document_inventory,MAINLY_UNSTRUCTURED_SYSTEM
22.1010,22,1010,208,16,FORMAT_CODEC,decode_bit_set,NOT_COMPREHENSIVELY_VALIDATED,PARTIAL_SUBTYPE_SEMANTICS,KL-61,dpt_spec_document_inventory,MAINLY_UNSTRUCTURED_SYSTEM
23.001,23,1,59,2,FORMAT_CODEC,decode_n2,NOT_COMPREHENSIVELY_VALIDATED,PARTIAL_SUBTYPE_SEMANTICS,KL-61,dpt_spec_document_inventory,MAINLY_UNSTRUCTURED_COMMON
23.002,23,2,59,2,FORMAT_CODEC,decode_n2,NOT_COMPREHENSIVELY_VALIDATED,PARTIAL_SUBTYPE_SEMANTICS,KL-61,dpt_spec_document_inventory,MAINLY_UNSTRUCTURED_COMMON
23.003,23,3,60,2,FORMAT_CODEC,decode_n2,NOT_COMPREHENSIVELY_VALIDATED,PARTIAL_SUBTYPE_SEMANTICS,KL-61,dpt_spec_document_inventory,MAINLY_UNSTRUCTURED_COMMON
23.102,23,102,129,2,FORMAT_CODEC,decode_n2,NOT_COMPREHENSIVELY_VALIDATED,PARTIAL_SUBTYPE_SEMANTICS,KL-61,dpt_spec_document_inventory,MAINLY_UNSTRUCTURED_HVAC
24.001,24,1,60,0,FORMAT_CODEC,decode_var_string_8859_1,NOT_COMPREHENSIVELY_VALIDATED,PARTIAL_SUBTYPE_SEMANTICS,KL-61,dpt_spec_document_inventory,MAINLY_UNSTRUCTURED_COMMON
25.1000,25,1000,209,8,FORMAT_CODEC,decode_double_nibble,NOT_COMPREHENSIVELY_VALIDATED,PARTIAL_SUBTYPE_SEMANTICS,KL-61,dpt_spec_document_inventory,MAINLY_UNSTRUCTURED_SYSTEM
26.001,26,1,61,8,FORMAT_CODEC,decode_scene_info,NOT_COMPREHENSIVELY_VALIDATED,PARTIAL_SUBTYPE_SEMANTICS,KL-61,dpt_spec_document_inventory,MAINLY_UNSTRUCTURED_COMMON
27.001,27,1,62,32,FORMAT_CODEC,decode_bit_set,NOT_COMPREHENSIVELY_VALIDATED,PARTIAL_SUBTYPE_SEMANTICS,KL-61,dpt_spec_document_inventory,MAINLY_UNSTRUCTURED_COMMON
28.001,28,1,66,0,FORMAT_CODEC,decode_var_string_utf8,NOT_COMPREHENSIVELY_VALIDATED,PARTIAL_SUBTYPE_SEMANTICS,KL-61,dpt_spec_document_inventory,MAINLY_UNSTRUCTURED_COMMON
29.010,29,10,67,64,FORMAT_CODEC,decode_v64,NOT_COMPREHENSIVELY_VALIDATED,PARTIAL_SUBTYPE_SEMANTICS,KL-61,dpt_spec_document_inventory,MAINLY_UNSTRUCTURED_COMMON
29.011,29,11,67,64,FORMAT_CODEC,decode_v64,NOT_COMPREHENSIVELY_VALIDATED,PARTIAL_SUBTYPE_SEMANTICS,KL-61,dpt_spec_document_inventory,MAINLY_UNSTRUCTURED_COMMON
29.012,29,12,67,64,FORMAT_CODEC,decode_v64,NOT_COMPREHENSIVELY_VALIDATED,PARTIAL_SUBTYPE_SEMANTICS,KL-61,dpt_spec_document_inventory,MAINLY_UNSTRUCTURED_COMMON
30.1010,30,1010,209,24,FORMAT_CODEC,decode_bit_set,NOT_COMPREHENSIVELY_VALIDATED,PARTIAL_SUBTYPE_SEMANTICS,KL-61,dpt_spec_document_inventory,MAINLY_UNSTRUCTURED_SYSTEM
31.101,31,101,130,,UNSUPPORTED,UnsupportedDpt,NOT_COMPREHENSIVELY_VALIDATED,NO_CODEC,KL-61,dpt_spec_document_inventory,MAINLY_UNSTRUCTURED_HVAC
200.100,200,100,131,,UNSUPPORTED,UnsupportedDpt,NOT_COMPREHENSIVELY_VALIDATED,NO_CODEC,KL-61,dpt_spec_document_inventory,STRUCTURED_HVAC_LTE_ONLY
200.101,200,101,131,,UNSUPPORTED,UnsupportedDpt,NOT_COMPREHENSIVELY_VALIDATED,NO_CODEC,KL-61,dpt_spec_document_inventory,STRUCTURED_HVAC_LTE_ONLY
201.100,201,100,132,,UNSUPPORTED,UnsupportedDpt,NOT_COMPREHENSIVELY_VALIDATED,NO_CODEC,KL-61,dpt_spec_document_inventory,STRUCTURED_HVAC_LTE_ONLY
201.102,201,102,133,,UNSUPPORTED,UnsupportedDpt,NOT_COMPREHENSIVELY_VALIDATED,NO_CODEC,KL-61,dpt_spec_document_inventory,STRUCTURED_HVAC_LTE_ONLY
201.104,201,104,134,,UNSUPPORTED,UnsupportedDpt,NOT_COMPREHENSIVELY_VALIDATED,NO_CODEC,KL-61,dpt_spec_document_inventory,STRUCTURED_HVAC_LTE_ONLY
201.105,201,105,135,,UNSUPPORTED,UnsupportedDpt,NOT_COMPREHENSIVELY_VALIDATED,NO_CODEC,KL-61,dpt_spec_document_inventory,STRUCTURED_HVAC_LTE_ONLY
201.107,201,107,135,,UNSUPPORTED,UnsupportedDpt,NOT_COMPREHENSIVELY_VALIDATED,NO_CODEC,KL-61,dpt_spec_document_inventory,STRUCTURED_HVAC_LTE_ONLY
201.108,201,108,136,,UNSUPPORTED,UnsupportedDpt,NOT_COMPREHENSIVELY_VALIDATED,NO_CODEC,KL-61,dpt_spec_document_inventory,STRUCTURED_HVAC_LTE_ONLY
201.109,201,109,137,,UNSUPPORTED,UnsupportedDpt,NOT_COMPREHENSIVELY_VALIDATED,NO_CODEC,KL-61,dpt_spec_document_inventory,STRUCTURED_HVAC_LTE_ONLY
202.001,202,1,71,,UNSUPPORTED,UnsupportedDpt,NOT_COMPREHENSIVELY_VALIDATED,NO_CODEC,KL-61,dpt_spec_document_inventory,STRUCTURED_COMMON
202.002,202,2,72,,UNSUPPORTED,UnsupportedDpt,NOT_COMPREHENSIVELY_VALIDATED,NO_CODEC,KL-61,dpt_spec_document_inventory,STRUCTURED_COMMON
203.002,203,2,73,,UNSUPPORTED,UnsupportedDpt,NOT_COMPREHENSIVELY_VALIDATED,NO_CODEC,KL-61,dpt_spec_document_inventory,STRUCTURED_COMMON
203.003,203,3,73,,UNSUPPORTED,UnsupportedDpt,NOT_COMPREHENSIVELY_VALIDATED,NO_CODEC,KL-61,dpt_spec_document_inventory,STRUCTURED_COMMON
203.004,203,4,73,,UNSUPPORTED,UnsupportedDpt,NOT_COMPREHENSIVELY_VALIDATED,NO_CODEC,KL-61,dpt_spec_document_inventory,STRUCTURED_COMMON
203.005,203,5,73,,UNSUPPORTED,UnsupportedDpt,NOT_COMPREHENSIVELY_VALIDATED,NO_CODEC,KL-61,dpt_spec_document_inventory,STRUCTURED_COMMON
203.006,203,6,73,,UNSUPPORTED,UnsupportedDpt,NOT_COMPREHENSIVELY_VALIDATED,NO_CODEC,KL-61,dpt_spec_document_inventory,STRUCTURED_COMMON
203.007,203,7,73,,UNSUPPORTED,UnsupportedDpt,NOT_COMPREHENSIVELY_VALIDATED,NO_CODEC,KL-61,dpt_spec_document_inventory,STRUCTURED_COMMON
203.011,203,11,73,,UNSUPPORTED,UnsupportedDpt,NOT_COMPREHENSIVELY_VALIDATED,NO_CODEC,KL-61,dpt_spec_document_inventory,STRUCTURED_COMMON
203.012,203,12,74,,UNSUPPORTED,UnsupportedDpt,NOT_COMPREHENSIVELY_VALIDATED,NO_CODEC,KL-61,dpt_spec_document_inventory,STRUCTURED_COMMON
203.013,203,13,74,,UNSUPPORTED,UnsupportedDpt,NOT_COMPREHENSIVELY_VALIDATED,NO_CODEC,KL-61,dpt_spec_document_inventory,STRUCTURED_COMMON
203.014,203,14,75,,UNSUPPORTED,UnsupportedDpt,NOT_COMPREHENSIVELY_VALIDATED,NO_CODEC,KL-61,dpt_spec_document_inventory,STRUCTURED_COMMON
203.015,203,15,76,,UNSUPPORTED,UnsupportedDpt,NOT_COMPREHENSIVELY_VALIDATED,NO_CODEC,KL-61,dpt_spec_document_inventory,STRUCTURED_COMMON
203.017,203,17,76,,UNSUPPORTED,UnsupportedDpt,NOT_COMPREHENSIVELY_VALIDATED,NO_CODEC,KL-61,dpt_spec_document_inventory,STRUCTURED_COMMON
203.100,203,100,138,,UNSUPPORTED,UnsupportedDpt,NOT_COMPREHENSIVELY_VALIDATED,NO_CODEC,KL-61,dpt_spec_document_inventory,STRUCTURED_HVAC_LTE_ONLY
203.101,203,101,139,,UNSUPPORTED,UnsupportedDpt,NOT_COMPREHENSIVELY_VALIDATED,NO_CODEC,KL-61,dpt_spec_document_inventory,STRUCTURED_HVAC_LTE_ONLY
203.102,203,102,139,,UNSUPPORTED,UnsupportedDpt,NOT_COMPREHENSIVELY_VALIDATED,NO_CODEC,KL-61,dpt_spec_document_inventory,STRUCTURED_HVAC_LTE_ONLY
203.104,203,104,140,,UNSUPPORTED,UnsupportedDpt,NOT_COMPREHENSIVELY_VALIDATED,NO_CODEC,KL-61,dpt_spec_document_inventory,STRUCTURED_HVAC_LTE_ONLY
204.001,204,1,77,,UNSUPPORTED,UnsupportedDpt,NOT_COMPREHENSIVELY_VALIDATED,NO_CODEC,KL-61,dpt_spec_document_inventory,STRUCTURED_COMMON
205.002,205,2,78,,UNSUPPORTED,UnsupportedDpt,NOT_COMPREHENSIVELY_VALIDATED,NO_CODEC,KL-61,dpt_spec_document_inventory,STRUCTURED_COMMON
205.003,205,3,78,,UNSUPPORTED,UnsupportedDpt,NOT_COMPREHENSIVELY_VALIDATED,NO_CODEC,KL-61,dpt_spec_document_inventory,STRUCTURED_COMMON
205.004,205,4,78,,UNSUPPORTED,UnsupportedDpt,NOT_COMPREHENSIVELY_VALIDATED,NO_CODEC,KL-61,dpt_spec_document_inventory,STRUCTURED_COMMON
205.005,205,5,78,,UNSUPPORTED,UnsupportedDpt,NOT_COMPREHENSIVELY_VALIDATED,NO_CODEC,KL-61,dpt_spec_document_inventory,STRUCTURED_COMMON
205.006,205,6,78,,UNSUPPORTED,UnsupportedDpt,NOT_COMPREHENSIVELY_VALIDATED,NO_CODEC,KL-61,dpt_spec_document_inventory,STRUCTURED_COMMON
205.007,205,7,78,,UNSUPPORTED,UnsupportedDpt,NOT_COMPREHENSIVELY_VALIDATED,NO_CODEC,KL-61,dpt_spec_document_inventory,STRUCTURED_COMMON
205.017,205,17,78,,UNSUPPORTED,UnsupportedDpt,NOT_COMPREHENSIVELY_VALIDATED,NO_CODEC,KL-61,dpt_spec_document_inventory,STRUCTURED_COMMON
205.100,205,100,141,,UNSUPPORTED,UnsupportedDpt,NOT_COMPREHENSIVELY_VALIDATED,NO_CODEC,KL-61,dpt_spec_document_inventory,STRUCTURED_HVAC_LTE_ONLY
205.101,205,101,142,,UNSUPPORTED,UnsupportedDpt,NOT_COMPREHENSIVELY_VALIDATED,NO_CODEC,KL-61,dpt_spec_document_inventory,STRUCTURED_HVAC_LTE_ONLY
205.102,205,102,142,,UNSUPPORTED,UnsupportedDpt,NOT_COMPREHENSIVELY_VALIDATED,NO_CODEC,KL-61,dpt_spec_document_inventory,STRUCTURED_HVAC_LTE_ONLY
205.103,205,103,143,,UNSUPPORTED,UnsupportedDpt,NOT_COMPREHENSIVELY_VALIDATED,NO_CODEC,KL-61,dpt_spec_document_inventory,STRUCTURED_HVAC_LTE_ONLY
206.100,206,100,144,,UNSUPPORTED,UnsupportedDpt,NOT_COMPREHENSIVELY_VALIDATED,NO_CODEC,KL-61,dpt_spec_document_inventory,STRUCTURED_HVAC_LTE_ONLY
206.102,206,102,145,,UNSUPPORTED,UnsupportedDpt,NOT_COMPREHENSIVELY_VALIDATED,NO_CODEC,KL-61,dpt_spec_document_inventory,STRUCTURED_HVAC_LTE_ONLY
206.104,206,104,146,,UNSUPPORTED,UnsupportedDpt,NOT_COMPREHENSIVELY_VALIDATED,NO_CODEC,KL-61,dpt_spec_document_inventory,STRUCTURED_HVAC_LTE_ONLY
206.105,206,105,147,,UNSUPPORTED,UnsupportedDpt,NOT_COMPREHENSIVELY_VALIDATED,NO_CODEC,KL-61,dpt_spec_document_inventory,STRUCTURED_HVAC_LTE_ONLY
207.100,207,100,148,,UNSUPPORTED,UnsupportedDpt,NOT_COMPREHENSIVELY_VALIDATED,NO_CODEC,KL-61,dpt_spec_document_inventory,STRUCTURED_HVAC_LTE_ONLY
207.101,207,101,149,,UNSUPPORTED,UnsupportedDpt,NOT_COMPREHENSIVELY_VALIDATED,NO_CODEC,KL-61,dpt_spec_document_inventory,STRUCTURED_HVAC_LTE_ONLY
207.102,207,102,149,,UNSUPPORTED,UnsupportedDpt,NOT_COMPREHENSIVELY_VALIDATED,NO_CODEC,KL-61,dpt_spec_document_inventory,STRUCTURED_HVAC_LTE_ONLY
207.104,207,104,150,,UNSUPPORTED,UnsupportedDpt,NOT_COMPREHENSIVELY_VALIDATED,NO_CODEC,KL-61,dpt_spec_document_inventory,STRUCTURED_HVAC_LTE_ONLY
207.105,207,105,151,,UNSUPPORTED,UnsupportedDpt,NOT_COMPREHENSIVELY_VALIDATED,NO_CODEC,KL-61,dpt_spec_document_inventory,STRUCTURED_HVAC_LTE_ONLY
207.600,207,600,181,,UNSUPPORTED,UnsupportedDpt,NOT_COMPREHENSIVELY_VALIDATED,NO_CODEC,KL-61,dpt_spec_document_inventory,STRUCTURED_LIGHTING
209.100,209,100,152,,UNSUPPORTED,UnsupportedDpt,NOT_COMPREHENSIVELY_VALIDATED,NO_CODEC,KL-61,dpt_spec_document_inventory,STRUCTURED_HVAC_LTE_ONLY
209.101,209,101,153,,UNSUPPORTED,UnsupportedDpt,NOT_COMPREHENSIVELY_VALIDATED,NO_CODEC,KL-61,dpt_spec_document_inventory,STRUCTURED_HVAC_LTE_ONLY
209.102,209,102,154,,UNSUPPORTED,UnsupportedDpt,NOT_COMPREHENSIVELY_VALIDATED,NO_CODEC,KL-61,dpt_spec_document_inventory,STRUCTURED_HVAC_LTE_ONLY
209.103,209,103,155,,UNSUPPORTED,UnsupportedDpt,NOT_COMPREHENSIVELY_VALIDATED,NO_CODEC,KL-61,dpt_spec_document_inventory,STRUCTURED_HVAC_LTE_ONLY
210.100,210,100,156,,UNSUPPORTED,UnsupportedDpt,NOT_COMPREHENSIVELY_VALIDATED,NO_CODEC,KL-61,dpt_spec_document_inventory,STRUCTURED_HVAC_LTE_ONLY
211.100,211,100,157,,UNSUPPORTED,UnsupportedDpt,NOT_COMPREHENSIVELY_VALIDATED,NO_CODEC,KL-61,dpt_spec_document_inventory,STRUCTURED_HVAC_LTE_ONLY
212.100,212,100,158,,UNSUPPORTED,UnsupportedDpt,NOT_COMPREHENSIVELY_VALIDATED,NO_CODEC,KL-61,dpt_spec_document_inventory,STRUCTURED_HVAC_LTE_ONLY
212.101,212,101,159,,UNSUPPORTED,UnsupportedDpt,NOT_COMPREHENSIVELY_VALIDATED,NO_CODEC,KL-61,dpt_spec_document_inventory,STRUCTURED_HVAC_LTE_ONLY
213.100,213,100,160,,UNSUPPORTED,UnsupportedDpt,NOT_COMPREHENSIVELY_VALIDATED,NO_CODEC,KL-61,dpt_spec_document_inventory,STRUCTURED_HVAC_LTE_ONLY
213.101,213,101,161,,UNSUPPORTED,UnsupportedDpt,NOT_COMPREHENSIVELY_VALIDATED,NO_CODEC,KL-61,dpt_spec_document_inventory,STRUCTURED_HVAC_LTE_ONLY
213.102,213,102,162,,UNSUPPORTED,UnsupportedDpt,NOT_COMPREHENSIVELY_VALIDATED,NO_CODEC,KL-61,dpt_spec_document_inventory,STRUCTURED_HVAC_LTE_ONLY
214.100,214,100,163,,UNSUPPORTED,UnsupportedDpt,NOT_COMPREHENSIVELY_VALIDATED,NO_CODEC,KL-61,dpt_spec_document_inventory,STRUCTURED_HVAC_LTE_ONLY
214.101,214,101,164,,UNSUPPORTED,UnsupportedDpt,NOT_COMPREHENSIVELY_VALIDATED,NO_CODEC,KL-61,dpt_spec_document_inventory,STRUCTURED_HVAC_LTE_ONLY
215.100,215,100,165,,UNSUPPORTED,UnsupportedDpt,NOT_COMPREHENSIVELY_VALIDATED,NO_CODEC,KL-61,dpt_spec_document_inventory,STRUCTURED_HVAC_LTE_ONLY
215.101,215,101,166,,UNSUPPORTED,UnsupportedDpt,NOT_COMPREHENSIVELY_VALIDATED,NO_CODEC,KL-61,dpt_spec_document_inventory,STRUCTURED_HVAC_LTE_ONLY
216.100,216,100,167,,UNSUPPORTED,UnsupportedDpt,NOT_COMPREHENSIVELY_VALIDATED,NO_CODEC,KL-61,dpt_spec_document_inventory,STRUCTURED_HVAC_LTE_ONLY
217.001,217,1,79,,UNSUPPORTED,UnsupportedDpt,NOT_COMPREHENSIVELY_VALIDATED,NO_CODEC,KL-61,dpt_spec_document_inventory,STRUCTURED_COMMON
218.001,218,1,80,,UNSUPPORTED,UnsupportedDpt,NOT_COMPREHENSIVELY_VALIDATED,NO_CODEC,KL-61,dpt_spec_document_inventory,STRUCTURED_COMMON
218.002,218,2,81,,UNSUPPORTED,UnsupportedDpt,NOT_COMPREHENSIVELY_VALIDATED,NO_CODEC,KL-61,dpt_spec_document_inventory,STRUCTURED_COMMON
219.001,219,1,68,,UNSUPPORTED,UnsupportedDpt,NOT_COMPREHENSIVELY_VALIDATED,NO_CODEC,KL-61,dpt_spec_document_inventory,STRUCTURED_COMMON
220.100,220,100,168,,UNSUPPORTED,UnsupportedDpt,NOT_COMPREHENSIVELY_VALIDATED,NO_CODEC,KL-61,dpt_spec_document_inventory,STRUCTURED_HVAC_LTE_ONLY
221.001,221,1,71,,UNSUPPORTED,UnsupportedDpt,NOT_COMPREHENSIVELY_VALIDATED,NO_CODEC,KL-61,dpt_spec_document_inventory,STRUCTURED_COMMON
222.100,222,100,169,,UNSUPPORTED,UnsupportedDpt,NOT_COMPREHENSIVELY_VALIDATED,NO_CODEC,KL-61,dpt_spec_document_inventory,STRUCTURED_HVAC_LTE_ONLY
222.101,222,101,170,,UNSUPPORTED,UnsupportedDpt,NOT_COMPREHENSIVELY_VALIDATED,NO_CODEC,KL-61,dpt_spec_document_inventory,STRUCTURED_HVAC_LTE_ONLY
223.100,223,100,171,,UNSUPPORTED,UnsupportedDpt,NOT_COMPREHENSIVELY_VALIDATED,NO_CODEC,KL-61,dpt_spec_document_inventory,STRUCTURED_HVAC_LTE_ONLY
224.100,224,100,172,,UNSUPPORTED,UnsupportedDpt,NOT_COMPREHENSIVELY_VALIDATED,NO_CODEC,KL-61,dpt_spec_document_inventory,STRUCTURED_HVAC_LTE_ONLY
225.001,225,1,82,,UNSUPPORTED,UnsupportedDpt,NOT_COMPREHENSIVELY_VALIDATED,NO_CODEC,KL-61,dpt_spec_document_inventory,STRUCTURED_COMMON
225.002,225,2,83,,UNSUPPORTED,UnsupportedDpt,NOT_COMPREHENSIVELY_VALIDATED,NO_CODEC,KL-61,dpt_spec_document_inventory,STRUCTURED_COMMON
225.003,225,3,84,,UNSUPPORTED,UnsupportedDpt,NOT_COMPREHENSIVELY_VALIDATED,NO_CODEC,KL-61,dpt_spec_document_inventory,STRUCTURED_COMMON
229.001,229,1,85,,UNSUPPORTED,UnsupportedDpt,NOT_COMPREHENSIVELY_VALIDATED,NO_CODEC,KL-61,dpt_spec_document_inventory,STRUCTURED_COMMON
230.1000,230,1000,210,,UNSUPPORTED,UnsupportedDpt,NOT_COMPREHENSIVELY_VALIDATED,NO_CODEC,KL-61,dpt_spec_document_inventory,STRUCTURED_SYSTEM
231.001,231,1,87,,UNSUPPORTED,UnsupportedDpt,NOT_COMPREHENSIVELY_VALIDATED,NO_CODEC,KL-61,dpt_spec_document_inventory,STRUCTURED_COMMON
232.600,232,600,182,,UNSUPPORTED,UnsupportedDpt,NOT_COMPREHENSIVELY_VALIDATED,NO_CODEC,KL-61,dpt_spec_document_inventory,STRUCTURED_LIGHTING
234.001,234,1,88,,UNSUPPORTED,UnsupportedDpt,NOT_COMPREHENSIVELY_VALIDATED,NO_CODEC,KL-61,dpt_spec_document_inventory,STRUCTURED_COMMON
234.002,234,2,90,,UNSUPPORTED,UnsupportedDpt,NOT_COMPREHENSIVELY_VALIDATED,NO_CODEC,KL-61,dpt_spec_document_inventory,STRUCTURED_COMMON
235.001,235,1,94,,UNSUPPORTED,UnsupportedDpt,NOT_COMPREHENSIVELY_VALIDATED,NO_CODEC,KL-61,dpt_spec_document_inventory,STRUCTURED_COMMON
236.001,236,1,95,,UNSUPPORTED,UnsupportedDpt,NOT_COMPREHENSIVELY_VALIDATED,NO_CODEC,KL-61,dpt_spec_document_inventory,STRUCTURED_COMMON
237.600,237,600,182,,UNSUPPORTED,UnsupportedDpt,NOT_COMPREHENSIVELY_VALIDATED,NO_CODEC,KL-61,dpt_spec_document_inventory,STRUCTURED_LIGHTING
238.001,238,1,99,,UNSUPPORTED,UnsupportedDpt,NOT_COMPREHENSIVELY_VALIDATED,NO_CODEC,KL-61,dpt_spec_document_inventory,STRUCTURED_COMMON
238.600,238,600,183,,UNSUPPORTED,UnsupportedDpt,NOT_COMPREHENSIVELY_VALIDATED,NO_CODEC,KL-61,dpt_spec_document_inventory,STRUCTURED_LIGHTING
239.001,239,1,100,,UNSUPPORTED,UnsupportedDpt,NOT_COMPREHENSIVELY_VALIDATED,NO_CODEC,KL-61,dpt_spec_document_inventory,STRUCTURED_COMMON
240.800,240,800,200,,UNSUPPORTED,UnsupportedDpt,NOT_COMPREHENSIVELY_VALIDATED,NO_CODEC,KL-61,dpt_spec_document_inventory,STRUCTURED_SHUTTERS
241.800,241,800,201,,UNSUPPORTED,UnsupportedDpt,NOT_COMPREHENSIVELY_VALIDATED,NO_CODEC,KL-61,dpt_spec_document_inventory,STRUCTURED_SHUTTERS
242.600,242,600,184,,UNSUPPORTED,UnsupportedDpt,NOT_COMPREHENSIVELY_VALIDATED,NO_CODEC,KL-61,dpt_spec_document_inventory,STRUCTURED_LIGHTING
243.600,243,600,185,,UNSUPPORTED,UnsupportedDpt,NOT_COMPREHENSIVELY_VALIDATED,NO_CODEC,KL-61,dpt_spec_document_inventory,STRUCTURED_LIGHTING
244.600,244,600,186,,UNSUPPORTED,UnsupportedDpt,NOT_COMPREHENSIVELY_VALIDATED,NO_CODEC,KL-61,dpt_spec_document_inventory,STRUCTURED_LIGHTING
245.600,245,600,187,,UNSUPPORTED,UnsupportedDpt,NOT_COMPREHENSIVELY_VALIDATED,NO_CODEC,KL-61,dpt_spec_document_inventory,STRUCTURED_LIGHTING
246.600,246,600,189,,UNSUPPORTED,UnsupportedDpt,NOT_COMPREHENSIVELY_VALIDATED,NO_CODEC,KL-61,dpt_spec_document_inventory,STRUCTURED_LIGHTING
247.600,247,600,190,,UNSUPPORTED,UnsupportedDpt,NOT_COMPREHENSIVELY_VALIDATED,NO_CODEC,KL-61,dpt_spec_document_inventory,STRUCTURED_LIGHTING
248.600,248,600,191,,UNSUPPORTED,UnsupportedDpt,NOT_COMPREHENSIVELY_VALIDATED,NO_CODEC,KL-61,dpt_spec_document_inventory,STRUCTURED_LIGHTING
249.600,249,600,192,,UNSUPPORTED,UnsupportedDpt,NOT_COMPREHENSIVELY_VALIDATED,NO_CODEC,KL-61,dpt_spec_document_inventory,STRUCTURED_LIGHTING
250.600,250,600,193,,UNSUPPORTED,UnsupportedDpt,NOT_COMPREHENSIVELY_VALIDATED,NO_CODEC,KL-61,dpt_spec_document_inventory,STRUCTURED_LIGHTING
251.600,251,600,194,,UNSUPPORTED,UnsupportedDpt,NOT_COMPREHENSIVELY_VALIDATED,NO_CODEC,KL-61,dpt_spec_document_inventory,STRUCTURED_LIGHTING
252.600,252,600,195,,UNSUPPORTED,UnsupportedDpt,NOT_COMPREHENSIVELY_VALIDATED,NO_CODEC,KL-61,dpt_spec_document_inventory,STRUCTURED_LIGHTING
253.600,253,600,196,,UNSUPPORTED,UnsupportedDpt,NOT_COMPREHENSIVELY_VALIDATED,NO_CODEC,KL-61,dpt_spec_document_inventory,STRUCTURED_LIGHTING
254.600,254,600,197,,UNSUPPORTED,UnsupportedDpt,NOT_COMPREHENSIVELY_VALIDATED,NO_CODEC,KL-61,dpt_spec_document_inventory,STRUCTURED_LIGHTING
255.001,255,1,101,,UNSUPPORTED,UnsupportedDpt,NOT_COMPREHENSIVELY_VALIDATED,NO_CODEC,KL-61,dpt_spec_document_inventory,STRUCTURED_COMMON
256.001,256,1,102,,UNSUPPORTED,UnsupportedDpt,NOT_COMPREHENSIVELY_VALIDATED,NO_CODEC,KL-61,dpt_spec_document_inventory,STRUCTURED_COMMON
257.1200,257,1200,216,,UNSUPPORTED,UnsupportedDpt,NOT_COMPREHENSIVELY_VALIDATED,NO_CODEC,KL-61,dpt_spec_document_inventory,STRUCTURED_METERING
257.1201,257,1201,216,,UNSUPPORTED,UnsupportedDpt,NOT_COMPREHENSIVELY_VALIDATED,NO_CODEC,KL-61,dpt_spec_document_inventory,STRUCTURED_METERING
257.1202,257,1202,216,,UNSUPPORTED,UnsupportedDpt,NOT_COMPREHENSIVELY_VALIDATED,NO_CODEC,KL-61,dpt_spec_document_inventory,STRUCTURED_METERING
265.001,265,1,103,,UNSUPPORTED,UnsupportedDpt,NOT_COMPREHENSIVELY_VALIDATED,NO_CODEC,KL-61,dpt_spec_document_inventory,STRUCTURED_COMMON
265.005,265,5,103,,UNSUPPORTED,UnsupportedDpt,NOT_COMPREHENSIVELY_VALIDATED,NO_CODEC,KL-61,dpt_spec_document_inventory,STRUCTURED_COMMON
265.009,265,9,103,,UNSUPPORTED,UnsupportedDpt,NOT_COMPREHENSIVELY_VALIDATED,NO_CODEC,KL-61,dpt_spec_document_inventory,STRUCTURED_COMMON
265.011,265,11,103,,UNSUPPORTED,UnsupportedDpt,NOT_COMPREHENSIVELY_VALIDATED,NO_CODEC,KL-61,dpt_spec_document_inventory,STRUCTURED_COMMON
265.012,265,12,103,,UNSUPPORTED,UnsupportedDpt,NOT_COMPREHENSIVELY_VALIDATED,NO_CODEC,KL-61,dpt_spec_document_inventory,STRUCTURED_COMMON
265.1200,265,1200,217,,UNSUPPORTED,UnsupportedDpt,NOT_COMPREHENSIVELY_VALIDATED,NO_CODEC,KL-61,dpt_spec_document_inventory,STRUCTURED_METERING
265.1201,265,1201,217,,UNSUPPORTED,UnsupportedDpt,NOT_COMPREHENSIVELY_VALIDATED,NO_CODEC,KL-61,dpt_spec_document_inventory,STRUCTURED_METERING
266.027,266,27,104,,UNSUPPORTED,UnsupportedDpt,NOT_COMPREHENSIVELY_VALIDATED,NO_CODEC,KL-61,dpt_spec_document_inventory,STRUCTURED_COMMON
266.056,266,56,104,,UNSUPPORTED,UnsupportedDpt,NOT_COMPREHENSIVELY_VALIDATED,NO_CODEC,KL-61,dpt_spec_document_inventory,STRUCTURED_COMMON
266.080,266,80,104,,UNSUPPORTED,UnsupportedDpt,NOT_COMPREHENSIVELY_VALIDATED,NO_CODEC,KL-61,dpt_spec_document_inventory,STRUCTURED_COMMON
267.001,267,1,105,,UNSUPPORTED,UnsupportedDpt,NOT_COMPREHENSIVELY_VALIDATED,NO_CODEC,KL-61,dpt_spec_document_inventory,STRUCTURED_COMMON
268.1203,268,1203,218,,UNSUPPORTED,UnsupportedDpt,NOT_COMPREHENSIVELY_VALIDATED,NO_CODEC,KL-61,dpt_spec_document_inventory,STRUCTURED_METERING
268.1204,268,1204,218,,UNSUPPORTED,UnsupportedDpt,NOT_COMPREHENSIVELY_VALIDATED,NO_CODEC,KL-61,dpt_spec_document_inventory,STRUCTURED_METERING
268.1205,268,1205,218,,UNSUPPORTED,UnsupportedDpt,NOT_COMPREHENSIVELY_VALIDATED,NO_CODEC,KL-61,dpt_spec_document_inventory,STRUCTURED_METERING
268.1206,268,1206,218,,UNSUPPORTED,UnsupportedDpt,NOT_COMPREHENSIVELY_VALIDATED,NO_CODEC,KL-61,dpt_spec_document_inventory,STRUCTURED_METERING
269.1200,269,1200,219,,UNSUPPORTED,UnsupportedDpt,NOT_COMPREHENSIVELY_VALIDATED,NO_CODEC,KL-61,dpt_spec_document_inventory,STRUCTURED_METERING
270.1200,270,1200,220,,UNSUPPORTED,UnsupportedDpt,NOT_COMPREHENSIVELY_VALIDATED,NO_CODEC,KL-61,dpt_spec_document_inventory,STRUCTURED_METERING
270.1201,270,1201,220,,UNSUPPORTED,UnsupportedDpt,NOT_COMPREHENSIVELY_VALIDATED,NO_CODEC,KL-61,dpt_spec_document_inventory,STRUCTURED_METERING
270.1202,270,1202,220,,UNSUPPORTED,UnsupportedDpt,NOT_COMPREHENSIVELY_VALIDATED,NO_CODEC,KL-61,dpt_spec_document_inventory,STRUCTURED_METERING
271.1200,271,1200,221,,UNSUPPORTED,UnsupportedDpt,NOT_COMPREHENSIVELY_VALIDATED,NO_CODEC,KL-61,dpt_spec_document_inventory,STRUCTURED_METERING
272.600,272,600,198,,UNSUPPORTED,UnsupportedDpt,NOT_COMPREHENSIVELY_VALIDATED,NO_CODEC,KL-61,dpt_spec_document_inventory,STRUCTURED_LIGHTING
273.001,273,1,226,,UNSUPPORTED,UnsupportedDpt,NOT_COMPREHENSIVELY_VALIDATED,NO_CODEC,KL-61,dpt_spec_document_inventory,STRUCTURED_COMMON
273.002,273,2,226,,UNSUPPORTED,UnsupportedDpt,NOT_COMPREHENSIVELY_VALIDATED,NO_CODEC,KL-61,dpt_spec_document_inventory,STRUCTURED_COMMON
273.003,273,3,226,,UNSUPPORTED,UnsupportedDpt,NOT_COMPREHENSIVELY_VALIDATED,NO_CODEC,KL-61,dpt_spec_document_inventory,STRUCTURED_COMMON
273.004,273,4,226,,UNSUPPORTED,UnsupportedDpt,NOT_COMPREHENSIVELY_VALIDATED,NO_CODEC,KL-61,dpt_spec_document_inventory,STRUCTURED_COMMON
273.005,273,5,226,,UNSUPPORTED,UnsupportedDpt,NOT_COMPREHENSIVELY_VALIDATED,NO_CODEC,KL-61,dpt_spec_document_inventory,STRUCTURED_COMMON
273.006,273,6,226,,UNSUPPORTED,UnsupportedDpt,NOT_COMPREHENSIVELY_VALIDATED,NO_CODEC,KL-61,dpt_spec_document_inventory,STRUCTURED_COMMON
273.007,273,7,226,,UNSUPPORTED,UnsupportedDpt,NOT_COMPREHENSIVELY_VALIDATED,NO_CODEC,KL-61,dpt_spec_document_inventory,STRUCTURED_COMMON
274.001,274,1,227,,UNSUPPORTED,UnsupportedDpt,NOT_COMPREHENSIVELY_VALIDATED,NO_CODEC,KL-61,dpt_spec_document_inventory,STRUCTURED_COMMON
276.1200,276,1200,222,,UNSUPPORTED,UnsupportedDpt,NOT_COMPREHENSIVELY_VALIDATED,NO_CODEC,KL-61,dpt_spec_document_inventory,STRUCTURED_METERING
277.1200,277,1200,223,,UNSUPPORTED,UnsupportedDpt,NOT_COMPREHENSIVELY_VALIDATED,NO_CODEC,KL-61,dpt_spec_document_inventory,STRUCTURED_METERING
278.1200,278,1200,223,,UNSUPPORTED,UnsupportedDpt,NOT_COMPREHENSIVELY_VALIDATED,NO_CODEC,KL-61,dpt_spec_document_inventory,STRUCTURED_METERING
279.1200,279,1200,223,,UNSUPPORTED,UnsupportedDpt,NOT_COMPREHENSIVELY_VALIDATED,NO_CODEC,KL-61,dpt_spec_document_inventory,STRUCTURED_METERING
280.1200,280,1200,223,,UNSUPPORTED,UnsupportedDpt,NOT_COMPREHENSIVELY_VALIDATED,NO_CODEC,KL-61,dpt_spec_document_inventory,STRUCTURED_METERING
281.1200,281,1200,224,,UNSUPPORTED,UnsupportedDpt,NOT_COMPREHENSIVELY_VALIDATED,NO_CODEC,KL-61,dpt_spec_document_inventory,STRUCTURED_METERING
282.1200,282,1200,224,,UNSUPPORTED,UnsupportedDpt,NOT_COMPREHENSIVELY_VALIDATED,NO_CODEC,KL-61,dpt_spec_document_inventory,STRUCTURED_METERING
283.1200,283,1200,224,,UNSUPPORTED,UnsupportedDpt,NOT_COMPREHENSIVELY_VALIDATED,NO_CODEC,KL-61,dpt_spec_document_inventory,STRUCTURED_METERING
284.1200,284,1200,224,,UNSUPPORTED,UnsupportedDpt,NOT_COMPREHENSIVELY_VALIDATED,NO_CODEC,KL-61,dpt_spec_document_inventory,STRUCTURED_METERING
