physical_page,printed_page,role,sections_starting,identified_dpt_ids,inspection_scope
1,,front_matter,,,TEXT_INVENTORY_RULE_REVIEW_NOT_EXHAUSTIVE_SEMANTIC_PROOF
2,2,front_matter,,,TEXT_INVENTORY_RULE_REVIEW_NOT_EXHAUSTIVE_SEMANTIC_PROOF
3,3,front_matter,,,TEXT_INVENTORY_RULE_REVIEW_NOT_EXHAUSTIVE_SEMANTIC_PROOF
4,4,front_matter,,,TEXT_INVENTORY_RULE_REVIEW_NOT_EXHAUSTIVE_SEMANTIC_PROOF
5,5,front_matter,,,TEXT_INVENTORY_RULE_REVIEW_NOT_EXHAUSTIVE_SEMANTIC_PROOF
6,6,front_matter,,,TEXT_INVENTORY_RULE_REVIEW_NOT_EXHAUSTIVE_SEMANTIC_PROOF
7,7,front_matter,,,TEXT_INVENTORY_RULE_REVIEW_NOT_EXHAUSTIVE_SEMANTIC_PROOF
8,8,front_matter,,,TEXT_INVENTORY_RULE_REVIEW_NOT_EXHAUSTIVE_SEMANTIC_PROOF
9,9,front_matter,,,TEXT_INVENTORY_RULE_REVIEW_NOT_EXHAUSTIVE_SEMANTIC_PROOF
10,10,front_matter,,,TEXT_INVENTORY_RULE_REVIEW_NOT_EXHAUSTIVE_SEMANTIC_PROOF
11,11,front_matter,,,TEXT_INVENTORY_RULE_REVIEW_NOT_EXHAUSTIVE_SEMANTIC_PROOF
12,12,general_rules,1;1.1,,TEXT_INVENTORY_RULE_REVIEW_NOT_EXHAUSTIVE_SEMANTIC_PROOF
13,13,general_rules,1.2,,TEXT_INVENTORY_RULE_REVIEW_NOT_EXHAUSTIVE_SEMANTIC_PROOF
14,14,general_rules,1.3;1.3.1;1.3.2,,TEXT_INVENTORY_RULE_REVIEW_NOT_EXHAUSTIVE_SEMANTIC_PROOF
15,15,general_rules,1.3.3;1.4,,TEXT_INVENTORY_RULE_REVIEW_NOT_EXHAUSTIVE_SEMANTIC_PROOF
16,16,general_rules,1.5,,TEXT_INVENTORY_RULE_REVIEW_NOT_EXHAUSTIVE_SEMANTIC_PROOF
17,17,overview,2,,TEXT_INVENTORY_RULE_REVIEW_NOT_EXHAUSTIVE_SEMANTIC_PROOF
18,18,overview,,,TEXT_INVENTORY_RULE_REVIEW_NOT_EXHAUSTIVE_SEMANTIC_PROOF
19,19,overview,,,TEXT_INVENTORY_RULE_REVIEW_NOT_EXHAUSTIVE_SEMANTIC_PROOF
20,20,overview,,,TEXT_INVENTORY_RULE_REVIEW_NOT_EXHAUSTIVE_SEMANTIC_PROOF
21,21,overview,,,TEXT_INVENTORY_RULE_REVIEW_NOT_EXHAUSTIVE_SEMANTIC_PROOF
22,22,overview,,,TEXT_INVENTORY_RULE_REVIEW_NOT_EXHAUSTIVE_SEMANTIC_PROOF
23,23,overview,,,TEXT_INVENTORY_RULE_REVIEW_NOT_EXHAUSTIVE_SEMANTIC_PROOF
24,24,overview,,,TEXT_INVENTORY_RULE_REVIEW_NOT_EXHAUSTIVE_SEMANTIC_PROOF
25,25,overview,,,TEXT_INVENTORY_RULE_REVIEW_NOT_EXHAUSTIVE_SEMANTIC_PROOF
26,26,normative_definitions,3;3.1,1.001;1.002;1.003;1.004;1.005;1.006;1.007;1.008;1.009;1.010;1.011;1.012;1.013;1.014;1.015,TEXT_INVENTORY_RULE_REVIEW_NOT_EXHAUSTIVE_SEMANTIC_PROOF
27,27,normative_definitions,,1.016;1.017;1.018;1.019;1.021;1.022;1.023;1.024,TEXT_INVENTORY_RULE_REVIEW_NOT_EXHAUSTIVE_SEMANTIC_PROOF
28,28,normative_definitions,3.2,2.001;2.002;2.003;2.004;2.005;2.006;2.007;2.008;2.009;2.010;2.011;2.012,TEXT_INVENTORY_RULE_REVIEW_NOT_EXHAUSTIVE_SEMANTIC_PROOF
29,29,normative_definitions,3.3;3.3.1,3.007,TEXT_INVENTORY_RULE_REVIEW_NOT_EXHAUSTIVE_SEMANTIC_PROOF
30,30,normative_definitions,3.3.2,3.008,TEXT_INVENTORY_RULE_REVIEW_NOT_EXHAUSTIVE_SEMANTIC_PROOF
31,31,normative_definitions,3.4,4.001;4.002,TEXT_INVENTORY_RULE_REVIEW_NOT_EXHAUSTIVE_SEMANTIC_PROOF
32,32,normative_definitions,3.5;3.5.1,5.001;5.003;5.004;5.005,TEXT_INVENTORY_RULE_REVIEW_NOT_EXHAUSTIVE_SEMANTIC_PROOF
33,33,normative_definitions,3.5.2,5.006;5.010,TEXT_INVENTORY_RULE_REVIEW_NOT_EXHAUSTIVE_SEMANTIC_PROOF
34,34,normative_definitions,3.6;3.6.1;3.7,6.001;6.010;6.020,TEXT_INVENTORY_RULE_REVIEW_NOT_EXHAUSTIVE_SEMANTIC_PROOF
35,35,normative_definitions,3.8;3.8.1;3.8.2,7.001;7.002;7.003;7.004;7.005;7.006;7.007;7.010,TEXT_INVENTORY_RULE_REVIEW_NOT_EXHAUSTIVE_SEMANTIC_PROOF
36,36,normative_definitions,3.8.3,7.011;7.012;7.013,TEXT_INVENTORY_RULE_REVIEW_NOT_EXHAUSTIVE_SEMANTIC_PROOF
37,37,normative_definitions,3.9;3.9.1;3.9.2,8.001;8.002;8.003;8.004;8.005;8.006;8.007;8.010,TEXT_INVENTORY_RULE_REVIEW_NOT_EXHAUSTIVE_SEMANTIC_PROOF
38,38,normative_definitions,3.9.3,8.011;8.012,TEXT_INVENTORY_RULE_REVIEW_NOT_EXHAUSTIVE_SEMANTIC_PROOF
39,39,normative_definitions,3.10,9.001;9.002;9.003;9.004;9.005;9.006;9.007;9.008;9.009;9.010;9.011;9.020;9.021;9.022;9.023;20.014,TEXT_INVENTORY_RULE_REVIEW_NOT_EXHAUSTIVE_SEMANTIC_PROOF
40,40,normative_definitions,,9.024;9.025;9.026;9.027;9.028;9.029;9.030;14.056;20.014,TEXT_INVENTORY_RULE_REVIEW_NOT_EXHAUSTIVE_SEMANTIC_PROOF
41,41,normative_definitions,3.11;3.12,10.001;11.001,TEXT_INVENTORY_RULE_REVIEW_NOT_EXHAUSTIVE_SEMANTIC_PROOF
42,42,normative_definitions,3.13;3.13.1;3.13.2,12.001;12.100;12.101;12.102,TEXT_INVENTORY_RULE_REVIEW_NOT_EXHAUSTIVE_SEMANTIC_PROOF
43,43,normative_definitions,3.14;3.14.1;3.14.2,13.001;13.002;13.010;13.011;13.012;13.013;13.014;13.015;13.016,TEXT_INVENTORY_RULE_REVIEW_NOT_EXHAUSTIVE_SEMANTIC_PROOF
44,44,normative_definitions,3.14.3;3.15,13.100;14.000;14.001;14.002;14.003;14.004;14.005;14.006;14.007;14.008;14.009,TEXT_INVENTORY_RULE_REVIEW_NOT_EXHAUSTIVE_SEMANTIC_PROOF
45,45,normative_definitions,,14.010;14.011;14.012;14.013;14.014;14.015;14.016;14.017;14.018;14.019;14.020;14.021;14.022;14.023;14.024;14.025;14.026;14.027;14.028;14.029;14.030;14.031;14.032;14.033;14.034;14.035;14.036;14.037;14.038;14.039;14.040;14.041;14.042;14.043;14.044;14.045;14.046;14.047;14.048;14.049;14.050,TEXT_INVENTORY_RULE_REVIEW_NOT_EXHAUSTIVE_SEMANTIC_PROOF
46,46,normative_definitions,,14.051;14.052;14.053;14.054;14.055;14.056;14.057;14.058;14.059;14.060;14.061;14.062;14.063;14.064;14.065;14.066;14.067;14.068;14.069;14.070;14.071;14.072;14.073;14.074;14.075;14.076;14.077;14.078;14.079;14.080,TEXT_INVENTORY_RULE_REVIEW_NOT_EXHAUSTIVE_SEMANTIC_PROOF
47,47,normative_definitions,3.16,15.000,TEXT_INVENTORY_RULE_REVIEW_NOT_EXHAUSTIVE_SEMANTIC_PROOF
48,48,normative_definitions,3.17;3.18,16.000;16.001;17.001,TEXT_INVENTORY_RULE_REVIEW_NOT_EXHAUSTIVE_SEMANTIC_PROOF
49,49,normative_definitions,3.19,18.001,TEXT_INVENTORY_RULE_REVIEW_NOT_EXHAUSTIVE_SEMANTIC_PROOF
50,50,normative_definitions,3.20,19.001,TEXT_INVENTORY_RULE_REVIEW_NOT_EXHAUSTIVE_SEMANTIC_PROOF
51,51,normative_definitions,3.20.1,,TEXT_INVENTORY_RULE_REVIEW_NOT_EXHAUSTIVE_SEMANTIC_PROOF
52,52,normative_definitions,,,TEXT_INVENTORY_RULE_REVIEW_NOT_EXHAUSTIVE_SEMANTIC_PROOF
53,53,normative_definitions,3.21,20.001;20.002;20.003;20.004;20.005,TEXT_INVENTORY_RULE_REVIEW_NOT_EXHAUSTIVE_SEMANTIC_PROOF
54,54,normative_definitions,,20.006;20.007;20.008,TEXT_INVENTORY_RULE_REVIEW_NOT_EXHAUSTIVE_SEMANTIC_PROOF
55,55,normative_definitions,,20.011;20.012,TEXT_INVENTORY_RULE_REVIEW_NOT_EXHAUSTIVE_SEMANTIC_PROOF
56,56,normative_definitions,,9.028;20.013;20.014,TEXT_INVENTORY_RULE_REVIEW_NOT_EXHAUSTIVE_SEMANTIC_PROOF
57,57,normative_definitions,,20.017;20.020;20.021;20.022,TEXT_INVENTORY_RULE_REVIEW_NOT_EXHAUSTIVE_SEMANTIC_PROOF
58,58,normative_definitions,3.22;3.22.1,21.001,TEXT_INVENTORY_RULE_REVIEW_NOT_EXHAUSTIVE_SEMANTIC_PROOF
59,59,normative_definitions,3.22.2;3.23,21.002;23.001;23.002,TEXT_INVENTORY_RULE_REVIEW_NOT_EXHAUSTIVE_SEMANTIC_PROOF
60,60,normative_definitions,3.24,23.003;24.001,TEXT_INVENTORY_RULE_REVIEW_NOT_EXHAUSTIVE_SEMANTIC_PROOF
61,61,normative_definitions,3.25,26.001,TEXT_INVENTORY_RULE_REVIEW_NOT_EXHAUSTIVE_SEMANTIC_PROOF
62,62,normative_definitions,3.26;3.26.1,27.001,TEXT_INVENTORY_RULE_REVIEW_NOT_EXHAUSTIVE_SEMANTIC_PROOF
63,63,normative_definitions,,,TEXT_INVENTORY_RULE_REVIEW_NOT_EXHAUSTIVE_SEMANTIC_PROOF
64,64,normative_definitions,,,TEXT_INVENTORY_RULE_REVIEW_NOT_EXHAUSTIVE_SEMANTIC_PROOF
65,65,normative_definitions,3.27;3.27.1,,TEXT_INVENTORY_RULE_REVIEW_NOT_EXHAUSTIVE_SEMANTIC_PROOF
66,66,normative_definitions,,28.001,TEXT_INVENTORY_RULE_REVIEW_NOT_EXHAUSTIVE_SEMANTIC_PROOF
67,67,normative_definitions,3.28;3.28.1,29.010;29.011;29.012,TEXT_INVENTORY_RULE_REVIEW_NOT_EXHAUSTIVE_SEMANTIC_PROOF
68,68,normative_definitions,3.29,219.001,TEXT_INVENTORY_RULE_REVIEW_NOT_EXHAUSTIVE_SEMANTIC_PROOF
69,69,normative_definitions,,,TEXT_INVENTORY_RULE_REVIEW_NOT_EXHAUSTIVE_SEMANTIC_PROOF
70,70,normative_definitions,,,TEXT_INVENTORY_RULE_REVIEW_NOT_EXHAUSTIVE_SEMANTIC_PROOF
71,71,normative_definitions,3.30;3.31,202.001;221.001,TEXT_INVENTORY_RULE_REVIEW_NOT_EXHAUSTIVE_SEMANTIC_PROOF
72,72,normative_definitions,3.32,202.002,TEXT_INVENTORY_RULE_REVIEW_NOT_EXHAUSTIVE_SEMANTIC_PROOF
73,73,normative_definitions,3.33;3.34,203.002;203.003;203.004;203.005;203.006;203.007;203.011,TEXT_INVENTORY_RULE_REVIEW_NOT_EXHAUSTIVE_SEMANTIC_PROOF
74,74,normative_definitions,3.35;3.36,203.012;203.013,TEXT_INVENTORY_RULE_REVIEW_NOT_EXHAUSTIVE_SEMANTIC_PROOF
75,75,normative_definitions,3.37,203.014,TEXT_INVENTORY_RULE_REVIEW_NOT_EXHAUSTIVE_SEMANTIC_PROOF
76,76,normative_definitions,3.38;3.38.1,203.015;203.017,TEXT_INVENTORY_RULE_REVIEW_NOT_EXHAUSTIVE_SEMANTIC_PROOF
77,77,normative_definitions,3.39,204.001,TEXT_INVENTORY_RULE_REVIEW_NOT_EXHAUSTIVE_SEMANTIC_PROOF
78,78,normative_definitions,3.40;3.41,205.002;205.003;205.004;205.005;205.006;205.007;205.017,TEXT_INVENTORY_RULE_REVIEW_NOT_EXHAUSTIVE_SEMANTIC_PROOF
79,79,normative_definitions,3.42,217.001,TEXT_INVENTORY_RULE_REVIEW_NOT_EXHAUSTIVE_SEMANTIC_PROOF
80,80,normative_definitions,3.43;3.43.1,218.001,TEXT_INVENTORY_RULE_REVIEW_NOT_EXHAUSTIVE_SEMANTIC_PROOF
81,81,normative_definitions,3.43.2,218.002,TEXT_INVENTORY_RULE_REVIEW_NOT_EXHAUSTIVE_SEMANTIC_PROOF
82,82,normative_definitions,3.44;3.44.1,225.001,TEXT_INVENTORY_RULE_REVIEW_NOT_EXHAUSTIVE_SEMANTIC_PROOF
83,83,normative_definitions,3.44.2,225.002,TEXT_INVENTORY_RULE_REVIEW_NOT_EXHAUSTIVE_SEMANTIC_PROOF
84,84,normative_definitions,3.44.3,225.003,TEXT_INVENTORY_RULE_REVIEW_NOT_EXHAUSTIVE_SEMANTIC_PROOF
85,85,normative_definitions,3.45;3.45.1,229.001,TEXT_INVENTORY_RULE_REVIEW_NOT_EXHAUSTIVE_SEMANTIC_PROOF
86,86,normative_definitions,,,TEXT_INVENTORY_RULE_REVIEW_NOT_EXHAUSTIVE_SEMANTIC_PROOF
87,87,normative_definitions,3.46,231.001,TEXT_INVENTORY_RULE_REVIEW_NOT_EXHAUSTIVE_SEMANTIC_PROOF
88,88,normative_definitions,3.47,234.001,TEXT_INVENTORY_RULE_REVIEW_NOT_EXHAUSTIVE_SEMANTIC_PROOF
89,89,normative_definitions,,,TEXT_INVENTORY_RULE_REVIEW_NOT_EXHAUSTIVE_SEMANTIC_PROOF
90,90,normative_definitions,3.47.2,234.002,TEXT_INVENTORY_RULE_REVIEW_NOT_EXHAUSTIVE_SEMANTIC_PROOF
91,91,normative_definitions,,,TEXT_INVENTORY_RULE_REVIEW_NOT_EXHAUSTIVE_SEMANTIC_PROOF
92,92,normative_definitions,,,TEXT_INVENTORY_RULE_REVIEW_NOT_EXHAUSTIVE_SEMANTIC_PROOF
93,93,normative_definitions,,,TEXT_INVENTORY_RULE_REVIEW_NOT_EXHAUSTIVE_SEMANTIC_PROOF
94,94,normative_definitions,3.48,235.001,TEXT_INVENTORY_RULE_REVIEW_NOT_EXHAUSTIVE_SEMANTIC_PROOF
95,95,normative_definitions,3.49;3.49.1;3.49.2,236.001,TEXT_INVENTORY_RULE_REVIEW_NOT_EXHAUSTIVE_SEMANTIC_PROOF
96,96,normative_definitions,,,TEXT_INVENTORY_RULE_REVIEW_NOT_EXHAUSTIVE_SEMANTIC_PROOF
97,97,normative_definitions,,,TEXT_INVENTORY_RULE_REVIEW_NOT_EXHAUSTIVE_SEMANTIC_PROOF
98,98,normative_definitions,3.49.3,,TEXT_INVENTORY_RULE_REVIEW_NOT_EXHAUSTIVE_SEMANTIC_PROOF
99,99,normative_definitions,3.50;3.50.1,238.001,TEXT_INVENTORY_RULE_REVIEW_NOT_EXHAUSTIVE_SEMANTIC_PROOF
100,100,normative_definitions,3.51;3.51.1,239.001,TEXT_INVENTORY_RULE_REVIEW_NOT_EXHAUSTIVE_SEMANTIC_PROOF
101,101,normative_definitions,3.52;3.52.1,255.001,TEXT_INVENTORY_RULE_REVIEW_NOT_EXHAUSTIVE_SEMANTIC_PROOF
102,102,normative_definitions,3.53,256.001,TEXT_INVENTORY_RULE_REVIEW_NOT_EXHAUSTIVE_SEMANTIC_PROOF
103,103,normative_definitions,3.54,265.001;265.005;265.009;265.011;265.012,TEXT_INVENTORY_RULE_REVIEW_NOT_EXHAUSTIVE_SEMANTIC_PROOF
104,104,normative_definitions,3.55,266.027;266.056;266.080,TEXT_INVENTORY_RULE_REVIEW_NOT_EXHAUSTIVE_SEMANTIC_PROOF
105,105,normative_definitions,3.56,267.001,TEXT_INVENTORY_RULE_REVIEW_NOT_EXHAUSTIVE_SEMANTIC_PROOF
106,106,normative_definitions,4;4.1;4.1.1,,TEXT_INVENTORY_RULE_REVIEW_NOT_EXHAUSTIVE_SEMANTIC_PROOF
107,107,normative_definitions,4.1.2,,TEXT_INVENTORY_RULE_REVIEW_NOT_EXHAUSTIVE_SEMANTIC_PROOF
108,108,normative_definitions,,,TEXT_INVENTORY_RULE_REVIEW_NOT_EXHAUSTIVE_SEMANTIC_PROOF
109,109,normative_definitions,,,TEXT_INVENTORY_RULE_REVIEW_NOT_EXHAUSTIVE_SEMANTIC_PROOF
110,110,normative_definitions,,,TEXT_INVENTORY_RULE_REVIEW_NOT_EXHAUSTIVE_SEMANTIC_PROOF
111,111,normative_definitions,4.1.3,,TEXT_INVENTORY_RULE_REVIEW_NOT_EXHAUSTIVE_SEMANTIC_PROOF
112,112,normative_definitions,4.1.4;4.1.5,,TEXT_INVENTORY_RULE_REVIEW_NOT_EXHAUSTIVE_SEMANTIC_PROOF
113,113,normative_definitions,,,TEXT_INVENTORY_RULE_REVIEW_NOT_EXHAUSTIVE_SEMANTIC_PROOF
114,114,normative_definitions,4.1.6;4.2,1.100,TEXT_INVENTORY_RULE_REVIEW_NOT_EXHAUSTIVE_SEMANTIC_PROOF
115,115,normative_definitions,4.3,20.100;20.101;20.102;20.103,TEXT_INVENTORY_RULE_REVIEW_NOT_EXHAUSTIVE_SEMANTIC_PROOF
116,116,normative_definitions,,20.104;20.105;20.106;20.107,TEXT_INVENTORY_RULE_REVIEW_NOT_EXHAUSTIVE_SEMANTIC_PROOF
117,117,normative_definitions,,20.108;20.109;20.110;20.111;20.112;20.113,TEXT_INVENTORY_RULE_REVIEW_NOT_EXHAUSTIVE_SEMANTIC_PROOF
118,118,normative_definitions,,20.114;20.115;20.120;20.121,TEXT_INVENTORY_RULE_REVIEW_NOT_EXHAUSTIVE_SEMANTIC_PROOF
119,119,normative_definitions,4.4;4.4.1,20.122;21.100,TEXT_INVENTORY_RULE_REVIEW_NOT_EXHAUSTIVE_SEMANTIC_PROOF
120,120,normative_definitions,4.4.2,21.101,TEXT_INVENTORY_RULE_REVIEW_NOT_EXHAUSTIVE_SEMANTIC_PROOF
121,121,normative_definitions,4.4.3,21.102,TEXT_INVENTORY_RULE_REVIEW_NOT_EXHAUSTIVE_SEMANTIC_PROOF
122,122,normative_definitions,4.4.4,21.103,TEXT_INVENTORY_RULE_REVIEW_NOT_EXHAUSTIVE_SEMANTIC_PROOF
123,123,normative_definitions,4.4.5,21.104,TEXT_INVENTORY_RULE_REVIEW_NOT_EXHAUSTIVE_SEMANTIC_PROOF
124,124,normative_definitions,4.4.6,21.105,TEXT_INVENTORY_RULE_REVIEW_NOT_EXHAUSTIVE_SEMANTIC_PROOF
125,125,normative_definitions,4.4.7,21.106,TEXT_INVENTORY_RULE_REVIEW_NOT_EXHAUSTIVE_SEMANTIC_PROOF
126,126,normative_definitions,4.5;4.5.1,22.100,TEXT_INVENTORY_RULE_REVIEW_NOT_EXHAUSTIVE_SEMANTIC_PROOF
127,127,normative_definitions,4.5.2,22.101,TEXT_INVENTORY_RULE_REVIEW_NOT_EXHAUSTIVE_SEMANTIC_PROOF
128,128,normative_definitions,,,TEXT_INVENTORY_RULE_REVIEW_NOT_EXHAUSTIVE_SEMANTIC_PROOF
129,129,normative_definitions,4.6,23.102,TEXT_INVENTORY_RULE_REVIEW_NOT_EXHAUSTIVE_SEMANTIC_PROOF
130,130,normative_definitions,4.7;4.7.1,31.101,TEXT_INVENTORY_RULE_REVIEW_NOT_EXHAUSTIVE_SEMANTIC_PROOF
131,131,normative_definitions,4.8;4.8.1;4.8.2,200.100;200.101,TEXT_INVENTORY_RULE_REVIEW_NOT_EXHAUSTIVE_SEMANTIC_PROOF
132,132,normative_definitions,4.9;4.9.1,201.100,TEXT_INVENTORY_RULE_REVIEW_NOT_EXHAUSTIVE_SEMANTIC_PROOF
133,133,normative_definitions,4.9.2,201.102,TEXT_INVENTORY_RULE_REVIEW_NOT_EXHAUSTIVE_SEMANTIC_PROOF
134,134,normative_definitions,4.9.3,201.104,TEXT_INVENTORY_RULE_REVIEW_NOT_EXHAUSTIVE_SEMANTIC_PROOF
135,135,normative_definitions,4.9.4;4.9.5,201.105;201.107,TEXT_INVENTORY_RULE_REVIEW_NOT_EXHAUSTIVE_SEMANTIC_PROOF
136,136,normative_definitions,4.9.6,201.108,TEXT_INVENTORY_RULE_REVIEW_NOT_EXHAUSTIVE_SEMANTIC_PROOF
137,137,normative_definitions,4.9.7,201.109,TEXT_INVENTORY_RULE_REVIEW_NOT_EXHAUSTIVE_SEMANTIC_PROOF
138,138,normative_definitions,4.10;4.10.1,203.100,TEXT_INVENTORY_RULE_REVIEW_NOT_EXHAUSTIVE_SEMANTIC_PROOF
139,139,normative_definitions,4.10.2;4.10.3,203.101;203.102,TEXT_INVENTORY_RULE_REVIEW_NOT_EXHAUSTIVE_SEMANTIC_PROOF
140,140,normative_definitions,4.10.4,203.104,TEXT_INVENTORY_RULE_REVIEW_NOT_EXHAUSTIVE_SEMANTIC_PROOF
141,141,normative_definitions,4.11;4.11.1,205.100,TEXT_INVENTORY_RULE_REVIEW_NOT_EXHAUSTIVE_SEMANTIC_PROOF
142,142,normative_definitions,4.11.2;4.11.3,205.101;205.102,TEXT_INVENTORY_RULE_REVIEW_NOT_EXHAUSTIVE_SEMANTIC_PROOF
143,143,normative_definitions,4.11.4,205.103,TEXT_INVENTORY_RULE_REVIEW_NOT_EXHAUSTIVE_SEMANTIC_PROOF
144,144,normative_definitions,4.12;4.12.1,206.100,TEXT_INVENTORY_RULE_REVIEW_NOT_EXHAUSTIVE_SEMANTIC_PROOF
145,145,normative_definitions,4.12.2,206.102,TEXT_INVENTORY_RULE_REVIEW_NOT_EXHAUSTIVE_SEMANTIC_PROOF
146,146,normative_definitions,4.12.3,206.104,TEXT_INVENTORY_RULE_REVIEW_NOT_EXHAUSTIVE_SEMANTIC_PROOF
147,147,normative_definitions,4.12.4,206.105,TEXT_INVENTORY_RULE_REVIEW_NOT_EXHAUSTIVE_SEMANTIC_PROOF
148,148,normative_definitions,4.13;4.13.1,207.100,TEXT_INVENTORY_RULE_REVIEW_NOT_EXHAUSTIVE_SEMANTIC_PROOF
149,149,normative_definitions,4.13.2;4.13.3,207.101;207.102,TEXT_INVENTORY_RULE_REVIEW_NOT_EXHAUSTIVE_SEMANTIC_PROOF
150,150,normative_definitions,4.13.4,207.104,TEXT_INVENTORY_RULE_REVIEW_NOT_EXHAUSTIVE_SEMANTIC_PROOF
151,151,normative_definitions,4.13.5,207.105,TEXT_INVENTORY_RULE_REVIEW_NOT_EXHAUSTIVE_SEMANTIC_PROOF
152,152,normative_definitions,4.14;4.14.1,209.100,TEXT_INVENTORY_RULE_REVIEW_NOT_EXHAUSTIVE_SEMANTIC_PROOF
153,153,normative_definitions,4.14.2,209.101,TEXT_INVENTORY_RULE_REVIEW_NOT_EXHAUSTIVE_SEMANTIC_PROOF
154,154,normative_definitions,4.14.3,209.102,TEXT_INVENTORY_RULE_REVIEW_NOT_EXHAUSTIVE_SEMANTIC_PROOF
155,155,normative_definitions,4.14.4,209.103,TEXT_INVENTORY_RULE_REVIEW_NOT_EXHAUSTIVE_SEMANTIC_PROOF
156,156,normative_definitions,4.15;4.15.1,210.100,TEXT_INVENTORY_RULE_REVIEW_NOT_EXHAUSTIVE_SEMANTIC_PROOF
157,157,normative_definitions,4.16;4.16.1,211.100,TEXT_INVENTORY_RULE_REVIEW_NOT_EXHAUSTIVE_SEMANTIC_PROOF
158,158,normative_definitions,4.17;4.17.1,212.100,TEXT_INVENTORY_RULE_REVIEW_NOT_EXHAUSTIVE_SEMANTIC_PROOF
159,159,normative_definitions,4.17.2,212.101,TEXT_INVENTORY_RULE_REVIEW_NOT_EXHAUSTIVE_SEMANTIC_PROOF
160,160,normative_definitions,4.18;4.18.1,213.100,TEXT_INVENTORY_RULE_REVIEW_NOT_EXHAUSTIVE_SEMANTIC_PROOF
161,161,normative_definitions,4.18.2,213.101,TEXT_INVENTORY_RULE_REVIEW_NOT_EXHAUSTIVE_SEMANTIC_PROOF
162,162,normative_definitions,4.18.3,213.102,TEXT_INVENTORY_RULE_REVIEW_NOT_EXHAUSTIVE_SEMANTIC_PROOF
163,163,normative_definitions,4.19;4.19.1,214.100,TEXT_INVENTORY_RULE_REVIEW_NOT_EXHAUSTIVE_SEMANTIC_PROOF
164,164,normative_definitions,4.19.2,214.101,TEXT_INVENTORY_RULE_REVIEW_NOT_EXHAUSTIVE_SEMANTIC_PROOF
165,165,normative_definitions,4.20;4.20.1,215.100,TEXT_INVENTORY_RULE_REVIEW_NOT_EXHAUSTIVE_SEMANTIC_PROOF
166,166,normative_definitions,4.20.2,215.101,TEXT_INVENTORY_RULE_REVIEW_NOT_EXHAUSTIVE_SEMANTIC_PROOF
167,167,normative_definitions,4.21;4.21.1,216.100,TEXT_INVENTORY_RULE_REVIEW_NOT_EXHAUSTIVE_SEMANTIC_PROOF
168,168,normative_definitions,4.22;4.22.1,220.100,TEXT_INVENTORY_RULE_REVIEW_NOT_EXHAUSTIVE_SEMANTIC_PROOF
169,169,normative_definitions,4.23;4.23.1,222.100,TEXT_INVENTORY_RULE_REVIEW_NOT_EXHAUSTIVE_SEMANTIC_PROOF
170,170,normative_definitions,4.23.2,222.101,TEXT_INVENTORY_RULE_REVIEW_NOT_EXHAUSTIVE_SEMANTIC_PROOF
171,171,normative_definitions,4.24;4.24.1,223.100,TEXT_INVENTORY_RULE_REVIEW_NOT_EXHAUSTIVE_SEMANTIC_PROOF
172,172,normative_definitions,4.25;4.25.1,224.100,TEXT_INVENTORY_RULE_REVIEW_NOT_EXHAUSTIVE_SEMANTIC_PROOF
173,173,normative_definitions,,,TEXT_INVENTORY_RULE_REVIEW_NOT_EXHAUSTIVE_SEMANTIC_PROOF
174,174,normative_definitions,5,,TEXT_INVENTORY_RULE_REVIEW_NOT_EXHAUSTIVE_SEMANTIC_PROOF
175,175,normative_definitions,6;6.1;6.2;6.3,7.600;20.600,TEXT_INVENTORY_RULE_REVIEW_NOT_EXHAUSTIVE_SEMANTIC_PROOF
176,176,normative_definitions,,20.601;20.602;20.603;20.604;20.605;20.606,TEXT_INVENTORY_RULE_REVIEW_NOT_EXHAUSTIVE_SEMANTIC_PROOF
177,177,normative_definitions,,20.607;20.608;20.609,TEXT_INVENTORY_RULE_REVIEW_NOT_EXHAUSTIVE_SEMANTIC_PROOF
178,178,normative_definitions,,20.610;20.611,TEXT_INVENTORY_RULE_REVIEW_NOT_EXHAUSTIVE_SEMANTIC_PROOF
179,179,normative_definitions,,20.612;20.613,TEXT_INVENTORY_RULE_REVIEW_NOT_EXHAUSTIVE_SEMANTIC_PROOF
180,180,normative_definitions,6.4;6.4.1,21.601,TEXT_INVENTORY_RULE_REVIEW_NOT_EXHAUSTIVE_SEMANTIC_PROOF
181,181,normative_definitions,6.5;6.5.1,207.600,TEXT_INVENTORY_RULE_REVIEW_NOT_EXHAUSTIVE_SEMANTIC_PROOF
182,182,normative_definitions,6.6;6.6.1;6.7;6.7.1,232.600;237.600,TEXT_INVENTORY_RULE_REVIEW_NOT_EXHAUSTIVE_SEMANTIC_PROOF
183,183,normative_definitions,6.8;6.8.1,238.600,TEXT_INVENTORY_RULE_REVIEW_NOT_EXHAUSTIVE_SEMANTIC_PROOF
184,184,normative_definitions,6.9,242.600,TEXT_INVENTORY_RULE_REVIEW_NOT_EXHAUSTIVE_SEMANTIC_PROOF
185,185,normative_definitions,6.10,243.600,TEXT_INVENTORY_RULE_REVIEW_NOT_EXHAUSTIVE_SEMANTIC_PROOF
186,186,normative_definitions,6.11,244.600,TEXT_INVENTORY_RULE_REVIEW_NOT_EXHAUSTIVE_SEMANTIC_PROOF
187,187,normative_definitions,6.12,245.600,TEXT_INVENTORY_RULE_REVIEW_NOT_EXHAUSTIVE_SEMANTIC_PROOF
188,188,normative_definitions,,,TEXT_INVENTORY_RULE_REVIEW_NOT_EXHAUSTIVE_SEMANTIC_PROOF
189,189,normative_definitions,6.13,246.600,TEXT_INVENTORY_RULE_REVIEW_NOT_EXHAUSTIVE_SEMANTIC_PROOF
190,190,normative_definitions,6.14,247.600,TEXT_INVENTORY_RULE_REVIEW_NOT_EXHAUSTIVE_SEMANTIC_PROOF
191,191,normative_definitions,6.15,248.600,TEXT_INVENTORY_RULE_REVIEW_NOT_EXHAUSTIVE_SEMANTIC_PROOF
192,192,normative_definitions,6.16,249.600,TEXT_INVENTORY_RULE_REVIEW_NOT_EXHAUSTIVE_SEMANTIC_PROOF
193,193,normative_definitions,6.17,250.600,TEXT_INVENTORY_RULE_REVIEW_NOT_EXHAUSTIVE_SEMANTIC_PROOF
194,194,normative_definitions,6.18,251.600,TEXT_INVENTORY_RULE_REVIEW_NOT_EXHAUSTIVE_SEMANTIC_PROOF
195,195,normative_definitions,6.19,252.600,TEXT_INVENTORY_RULE_REVIEW_NOT_EXHAUSTIVE_SEMANTIC_PROOF
196,196,normative_definitions,6.20,253.600,TEXT_INVENTORY_RULE_REVIEW_NOT_EXHAUSTIVE_SEMANTIC_PROOF
197,197,normative_definitions,6.21,254.600,TEXT_INVENTORY_RULE_REVIEW_NOT_EXHAUSTIVE_SEMANTIC_PROOF
198,198,normative_definitions,6.22,272.600,TEXT_INVENTORY_RULE_REVIEW_NOT_EXHAUSTIVE_SEMANTIC_PROOF
199,199,normative_definitions,7;7.1,20.801;20.802;20.803,TEXT_INVENTORY_RULE_REVIEW_NOT_EXHAUSTIVE_SEMANTIC_PROOF
200,200,normative_definitions,7.2;7.2.1,20.804;240.800,TEXT_INVENTORY_RULE_REVIEW_NOT_EXHAUSTIVE_SEMANTIC_PROOF
201,201,normative_definitions,7.3;7.4,241.800,TEXT_INVENTORY_RULE_REVIEW_NOT_EXHAUSTIVE_SEMANTIC_PROOF
202,202,normative_definitions,8;8.1,20.1000;20.1001;20.1002,TEXT_INVENTORY_RULE_REVIEW_NOT_EXHAUSTIVE_SEMANTIC_PROOF
203,203,normative_definitions,,20.1003;20.1004;20.1005,TEXT_INVENTORY_RULE_REVIEW_NOT_EXHAUSTIVE_SEMANTIC_PROOF
204,204,normative_definitions,,,TEXT_INVENTORY_RULE_REVIEW_NOT_EXHAUSTIVE_SEMANTIC_PROOF
205,205,normative_definitions,8.2;8.2.1,21.1000,TEXT_INVENTORY_RULE_REVIEW_NOT_EXHAUSTIVE_SEMANTIC_PROOF
206,206,normative_definitions,8.2.2,21.1001,TEXT_INVENTORY_RULE_REVIEW_NOT_EXHAUSTIVE_SEMANTIC_PROOF
207,207,normative_definitions,8.2.3;8.2.4,21.1002;21.1010,TEXT_INVENTORY_RULE_REVIEW_NOT_EXHAUSTIVE_SEMANTIC_PROOF
208,208,normative_definitions,8.3;8.3.1;8.3.2,22.1000;22.1010,TEXT_INVENTORY_RULE_REVIEW_NOT_EXHAUSTIVE_SEMANTIC_PROOF
209,209,normative_definitions,8.4;8.5;8.5.1,25.1000;30.1010,TEXT_INVENTORY_RULE_REVIEW_NOT_EXHAUSTIVE_SEMANTIC_PROOF
210,210,normative_definitions,8.6,230.1000,TEXT_INVENTORY_RULE_REVIEW_NOT_EXHAUSTIVE_SEMANTIC_PROOF
211,211,normative_definitions,9;9.1;9.2,1.1200;1.1201;12.1200;12.1201,TEXT_INVENTORY_RULE_REVIEW_NOT_EXHAUSTIVE_SEMANTIC_PROOF
212,212,normative_definitions,9.3;9.4,13.1200;13.1201;14.1200;14.1201,TEXT_INVENTORY_RULE_REVIEW_NOT_EXHAUSTIVE_SEMANTIC_PROOF
213,213,normative_definitions,9.5,20.1200;20.1202;20.1203;20.1204;20.1205,TEXT_INVENTORY_RULE_REVIEW_NOT_EXHAUSTIVE_SEMANTIC_PROOF
214,214,normative_definitions,9.6,20.1206;20.1207;20.1208;20.1209;21.1200,TEXT_INVENTORY_RULE_REVIEW_NOT_EXHAUSTIVE_SEMANTIC_PROOF
215,215,normative_definitions,9.7,21.1201,TEXT_INVENTORY_RULE_REVIEW_NOT_EXHAUSTIVE_SEMANTIC_PROOF
216,216,normative_definitions,9.8,257.1200;257.1201;257.1202,TEXT_INVENTORY_RULE_REVIEW_NOT_EXHAUSTIVE_SEMANTIC_PROOF
217,217,normative_definitions,9.9,265.1200;265.1201,TEXT_INVENTORY_RULE_REVIEW_NOT_EXHAUSTIVE_SEMANTIC_PROOF
218,218,normative_definitions,9.10,268.1203;268.1204;268.1205;268.1206,TEXT_INVENTORY_RULE_REVIEW_NOT_EXHAUSTIVE_SEMANTIC_PROOF
219,219,normative_definitions,9.11,269.1200,TEXT_INVENTORY_RULE_REVIEW_NOT_EXHAUSTIVE_SEMANTIC_PROOF
220,220,normative_definitions,9.12,270.1200;270.1201;270.1202,TEXT_INVENTORY_RULE_REVIEW_NOT_EXHAUSTIVE_SEMANTIC_PROOF
221,221,normative_definitions,9.13,271.1200,TEXT_INVENTORY_RULE_REVIEW_NOT_EXHAUSTIVE_SEMANTIC_PROOF
222,222,normative_definitions,9.14,276.1200,TEXT_INVENTORY_RULE_REVIEW_NOT_EXHAUSTIVE_SEMANTIC_PROOF
223,223,normative_definitions,9.15,277.1200;278.1200;279.1200;280.1200,TEXT_INVENTORY_RULE_REVIEW_NOT_EXHAUSTIVE_SEMANTIC_PROOF
224,224,normative_definitions,9.16,281.1200;282.1200;283.1200;284.1200,TEXT_INVENTORY_RULE_REVIEW_NOT_EXHAUSTIVE_SEMANTIC_PROOF
225,225,normative_definitions,,,TEXT_INVENTORY_RULE_REVIEW_NOT_EXHAUSTIVE_SEMANTIC_PROOF
226,226,normative_definitions,10;10.1,273.001;273.002;273.003;273.004;273.005;273.006;273.007,TEXT_INVENTORY_RULE_REVIEW_NOT_EXHAUSTIVE_SEMANTIC_PROOF
227,227,normative_definitions,10.2,274.001,TEXT_INVENTORY_RULE_REVIEW_NOT_EXHAUSTIVE_SEMANTIC_PROOF
228,228,normative_definitions,,,TEXT_INVENTORY_RULE_REVIEW_NOT_EXHAUSTIVE_SEMANTIC_PROOF
229,229,normative_definitions,11,,TEXT_INVENTORY_RULE_REVIEW_NOT_EXHAUSTIVE_SEMANTIC_PROOF
230,230,normative_definitions,,,TEXT_INVENTORY_RULE_REVIEW_NOT_EXHAUSTIVE_SEMANTIC_PROOF
231,231,normative_annex,A,,TEXT_INVENTORY_RULE_REVIEW_NOT_EXHAUSTIVE_SEMANTIC_PROOF
232,232,normative_annex,,,TEXT_INVENTORY_RULE_REVIEW_NOT_EXHAUSTIVE_SEMANTIC_PROOF
233,233,normative_annex,B;B.1;B.2;B.2.1;B.2.2,,TEXT_INVENTORY_RULE_REVIEW_NOT_EXHAUSTIVE_SEMANTIC_PROOF
234,234,normative_annex,,,TEXT_INVENTORY_RULE_REVIEW_NOT_EXHAUSTIVE_SEMANTIC_PROOF
235,235,normative_annex,B.2.3,,TEXT_INVENTORY_RULE_REVIEW_NOT_EXHAUSTIVE_SEMANTIC_PROOF
236,236,normative_annex,B.2.4,,TEXT_INVENTORY_RULE_REVIEW_NOT_EXHAUSTIVE_SEMANTIC_PROOF
237,237,normative_annex,B.2.5,,TEXT_INVENTORY_RULE_REVIEW_NOT_EXHAUSTIVE_SEMANTIC_PROOF
238,238,normative_annex,,,TEXT_INVENTORY_RULE_REVIEW_NOT_EXHAUSTIVE_SEMANTIC_PROOF
239,239,normative_annex,B.2.6,,TEXT_INVENTORY_RULE_REVIEW_NOT_EXHAUSTIVE_SEMANTIC_PROOF
240,240,normative_annex,B.2.7,,TEXT_INVENTORY_RULE_REVIEW_NOT_EXHAUSTIVE_SEMANTIC_PROOF
241,241,normative_annex,,,TEXT_INVENTORY_RULE_REVIEW_NOT_EXHAUSTIVE_SEMANTIC_PROOF
242,242,normative_annex,B.2.8,,TEXT_INVENTORY_RULE_REVIEW_NOT_EXHAUSTIVE_SEMANTIC_PROOF
243,243,normative_annex,B.2.9,,TEXT_INVENTORY_RULE_REVIEW_NOT_EXHAUSTIVE_SEMANTIC_PROOF
244,244,normative_annex,,,TEXT_INVENTORY_RULE_REVIEW_NOT_EXHAUSTIVE_SEMANTIC_PROOF
245,245,normative_annex,B.2.10,,TEXT_INVENTORY_RULE_REVIEW_NOT_EXHAUSTIVE_SEMANTIC_PROOF
246,246,normative_annex,B.2.11,,TEXT_INVENTORY_RULE_REVIEW_NOT_EXHAUSTIVE_SEMANTIC_PROOF
247,247,normative_annex,B.2.12,,TEXT_INVENTORY_RULE_REVIEW_NOT_EXHAUSTIVE_SEMANTIC_PROOF
248,248,normative_annex,,,TEXT_INVENTORY_RULE_REVIEW_NOT_EXHAUSTIVE_SEMANTIC_PROOF
249,249,informative_history,C;C.1,,TEXT_INVENTORY_RULE_REVIEW_NOT_EXHAUSTIVE_SEMANTIC_PROOF
250,250,informative_history,,,TEXT_INVENTORY_RULE_REVIEW_NOT_EXHAUSTIVE_SEMANTIC_PROOF
251,251,informative_history,,,TEXT_INVENTORY_RULE_REVIEW_NOT_EXHAUSTIVE_SEMANTIC_PROOF
