section,start_page,chapter_scope,coverage,code_evidence,test_evidence,known_limitation
1,12,1,METADATA_OR_GENERAL_REQUIREMENTS,knx-core/src/dpt/codec.rs,dpt_spec_document_inventory;dpt_spec_semantics_audit,KL-61
1.1,12,1,METADATA_OR_GENERAL_REQUIREMENTS,knx-core/src/dpt/codec.rs,dpt_spec_document_inventory;dpt_spec_semantics_audit,KL-61
1.2,13,1,METADATA_OR_GENERAL_REQUIREMENTS,knx-core/src/dpt/codec.rs,dpt_spec_document_inventory;dpt_spec_semantics_audit,KL-61
1.3,14,1,METADATA_OR_GENERAL_REQUIREMENTS,knx-core/src/dpt/codec.rs,dpt_spec_document_inventory;dpt_spec_semantics_audit,KL-61
1.3.1,14,1,METADATA_OR_GENERAL_REQUIREMENTS,knx-core/src/dpt/codec.rs,dpt_spec_document_inventory;dpt_spec_semantics_audit,KL-61
1.3.2,14,1,METADATA_OR_GENERAL_REQUIREMENTS,knx-core/src/dpt/codec.rs,dpt_spec_document_inventory;dpt_spec_semantics_audit,KL-61
1.3.3,15,1,METADATA_OR_GENERAL_REQUIREMENTS,knx-core/src/dpt/codec.rs,dpt_spec_document_inventory;dpt_spec_semantics_audit,KL-61
1.4,15,1,METADATA_OR_GENERAL_REQUIREMENTS,knx-core/src/dpt/codec.rs,dpt_spec_document_inventory;dpt_spec_semantics_audit,KL-61
1.5,16,1,METADATA_OR_GENERAL_REQUIREMENTS,knx-core/src/dpt/codec.rs,dpt_spec_document_inventory;dpt_spec_semantics_audit,KL-61
2,17,2,METADATA_OR_GENERAL_REQUIREMENTS,knx-core/src/dpt/codec.rs,dpt_spec_document_inventory;dpt_spec_semantics_audit,KL-61
3,26,3,FORMAT_OR_UNSUPPORTED_SEE_TYPE_MATRIX,knx-core/src/dpt/codec.rs,dpt_spec_document_inventory;dpt_spec_semantics_audit,KL-61
3.1,26,3,FORMAT_OR_UNSUPPORTED_SEE_TYPE_MATRIX,knx-core/src/dpt/codec.rs,dpt_spec_document_inventory;dpt_spec_semantics_audit,KL-61
3.2,28,3,FORMAT_OR_UNSUPPORTED_SEE_TYPE_MATRIX,knx-core/src/dpt/codec.rs,dpt_spec_document_inventory;dpt_spec_semantics_audit,KL-61
3.3,29,3,FORMAT_OR_UNSUPPORTED_SEE_TYPE_MATRIX,knx-core/src/dpt/codec.rs,dpt_spec_document_inventory;dpt_spec_semantics_audit,KL-61
3.3.1,29,3,FORMAT_OR_UNSUPPORTED_SEE_TYPE_MATRIX,knx-core/src/dpt/codec.rs,dpt_spec_document_inventory;dpt_spec_semantics_audit,KL-61
3.3.2,30,3,FORMAT_OR_UNSUPPORTED_SEE_TYPE_MATRIX,knx-core/src/dpt/codec.rs,dpt_spec_document_inventory;dpt_spec_semantics_audit,KL-61
3.4,31,3,FORMAT_OR_UNSUPPORTED_SEE_TYPE_MATRIX,knx-core/src/dpt/codec.rs,dpt_spec_document_inventory;dpt_spec_semantics_audit,KL-61
3.5,32,3,FORMAT_OR_UNSUPPORTED_SEE_TYPE_MATRIX,knx-core/src/dpt/codec.rs,dpt_spec_document_inventory;dpt_spec_semantics_audit,KL-61
3.5.1,32,3,FORMAT_OR_UNSUPPORTED_SEE_TYPE_MATRIX,knx-core/src/dpt/codec.rs,dpt_spec_document_inventory;dpt_spec_semantics_audit,KL-61
3.5.2,33,3,FORMAT_OR_UNSUPPORTED_SEE_TYPE_MATRIX,knx-core/src/dpt/codec.rs,dpt_spec_document_inventory;dpt_spec_semantics_audit,KL-61
3.6,34,3,FORMAT_OR_UNSUPPORTED_SEE_TYPE_MATRIX,knx-core/src/dpt/codec.rs,dpt_spec_document_inventory;dpt_spec_semantics_audit,KL-61
3.6.1,34,3,FORMAT_OR_UNSUPPORTED_SEE_TYPE_MATRIX,knx-core/src/dpt/codec.rs,dpt_spec_document_inventory;dpt_spec_semantics_audit,KL-61
3.7,34,3,FORMAT_OR_UNSUPPORTED_SEE_TYPE_MATRIX,knx-core/src/dpt/codec.rs,dpt_spec_document_inventory;dpt_spec_semantics_audit,KL-61
3.8,35,3,FORMAT_OR_UNSUPPORTED_SEE_TYPE_MATRIX,knx-core/src/dpt/codec.rs,dpt_spec_document_inventory;dpt_spec_semantics_audit,KL-61
3.8.1,35,3,FORMAT_OR_UNSUPPORTED_SEE_TYPE_MATRIX,knx-core/src/dpt/codec.rs,dpt_spec_document_inventory;dpt_spec_semantics_audit,KL-61
3.8.2,35,3,FORMAT_OR_UNSUPPORTED_SEE_TYPE_MATRIX,knx-core/src/dpt/codec.rs,dpt_spec_document_inventory;dpt_spec_semantics_audit,KL-61
3.8.3,36,3,FORMAT_OR_UNSUPPORTED_SEE_TYPE_MATRIX,knx-core/src/dpt/codec.rs,dpt_spec_document_inventory;dpt_spec_semantics_audit,KL-61
3.9,37,3,FORMAT_OR_UNSUPPORTED_SEE_TYPE_MATRIX,knx-core/src/dpt/codec.rs,dpt_spec_document_inventory;dpt_spec_semantics_audit,KL-61
3.9.1,37,3,FORMAT_OR_UNSUPPORTED_SEE_TYPE_MATRIX,knx-core/src/dpt/codec.rs,dpt_spec_document_inventory;dpt_spec_semantics_audit,KL-61
3.9.2,37,3,FORMAT_OR_UNSUPPORTED_SEE_TYPE_MATRIX,knx-core/src/dpt/codec.rs,dpt_spec_document_inventory;dpt_spec_semantics_audit,KL-61
3.9.3,38,3,FORMAT_OR_UNSUPPORTED_SEE_TYPE_MATRIX,knx-core/src/dpt/codec.rs,dpt_spec_document_inventory;dpt_spec_semantics_audit,KL-61
3.10,39,3,FORMAT_OR_UNSUPPORTED_SEE_TYPE_MATRIX,knx-core/src/dpt/codec.rs,dpt_spec_document_inventory;dpt_spec_semantics_audit,KL-61
3.11,41,3,FORMAT_OR_UNSUPPORTED_SEE_TYPE_MATRIX,knx-core/src/dpt/codec.rs,dpt_spec_document_inventory;dpt_spec_semantics_audit,KL-61
3.12,41,3,FORMAT_OR_UNSUPPORTED_SEE_TYPE_MATRIX,knx-core/src/dpt/codec.rs,dpt_spec_document_inventory;dpt_spec_semantics_audit,KL-61
3.13,42,3,FORMAT_OR_UNSUPPORTED_SEE_TYPE_MATRIX,knx-core/src/dpt/codec.rs,dpt_spec_document_inventory;dpt_spec_semantics_audit,KL-61
3.13.1,42,3,FORMAT_OR_UNSUPPORTED_SEE_TYPE_MATRIX,knx-core/src/dpt/codec.rs,dpt_spec_document_inventory;dpt_spec_semantics_audit,KL-61
3.13.2,42,3,FORMAT_OR_UNSUPPORTED_SEE_TYPE_MATRIX,knx-core/src/dpt/codec.rs,dpt_spec_document_inventory;dpt_spec_semantics_audit,KL-61
3.14,43,3,FORMAT_OR_UNSUPPORTED_SEE_TYPE_MATRIX,knx-core/src/dpt/codec.rs,dpt_spec_document_inventory;dpt_spec_semantics_audit,KL-61
3.14.1,43,3,FORMAT_OR_UNSUPPORTED_SEE_TYPE_MATRIX,knx-core/src/dpt/codec.rs,dpt_spec_document_inventory;dpt_spec_semantics_audit,KL-61
3.14.2,43,3,FORMAT_OR_UNSUPPORTED_SEE_TYPE_MATRIX,knx-core/src/dpt/codec.rs,dpt_spec_document_inventory;dpt_spec_semantics_audit,KL-61
3.14.3,44,3,FORMAT_OR_UNSUPPORTED_SEE_TYPE_MATRIX,knx-core/src/dpt/codec.rs,dpt_spec_document_inventory;dpt_spec_semantics_audit,KL-61
3.15,44,3,FORMAT_OR_UNSUPPORTED_SEE_TYPE_MATRIX,knx-core/src/dpt/codec.rs,dpt_spec_document_inventory;dpt_spec_semantics_audit,KL-61
3.16,47,3,FORMAT_OR_UNSUPPORTED_SEE_TYPE_MATRIX,knx-core/src/dpt/codec.rs,dpt_spec_document_inventory;dpt_spec_semantics_audit,KL-61
3.17,48,3,FORMAT_OR_UNSUPPORTED_SEE_TYPE_MATRIX,knx-core/src/dpt/codec.rs,dpt_spec_document_inventory;dpt_spec_semantics_audit,KL-61
3.18,48,3,FORMAT_OR_UNSUPPORTED_SEE_TYPE_MATRIX,knx-core/src/dpt/codec.rs,dpt_spec_document_inventory;dpt_spec_semantics_audit,KL-61
3.19,49,3,FORMAT_OR_UNSUPPORTED_SEE_TYPE_MATRIX,knx-core/src/dpt/codec.rs,dpt_spec_document_inventory;dpt_spec_semantics_audit,KL-61
3.20,50,3,FORMAT_OR_UNSUPPORTED_SEE_TYPE_MATRIX,knx-core/src/dpt/codec.rs,dpt_spec_document_inventory;dpt_spec_semantics_audit,KL-61
3.20.1,51,3,FORMAT_OR_UNSUPPORTED_SEE_TYPE_MATRIX,knx-core/src/dpt/codec.rs,dpt_spec_document_inventory;dpt_spec_semantics_audit,KL-61
3.21,53,3,FORMAT_OR_UNSUPPORTED_SEE_TYPE_MATRIX,knx-core/src/dpt/codec.rs,dpt_spec_document_inventory;dpt_spec_semantics_audit,KL-61
3.22,58,3,FORMAT_OR_UNSUPPORTED_SEE_TYPE_MATRIX,knx-core/src/dpt/codec.rs,dpt_spec_document_inventory;dpt_spec_semantics_audit,KL-61
3.22.1,58,3,FORMAT_OR_UNSUPPORTED_SEE_TYPE_MATRIX,knx-core/src/dpt/codec.rs,dpt_spec_document_inventory;dpt_spec_semantics_audit,KL-61
3.22.2,59,3,FORMAT_OR_UNSUPPORTED_SEE_TYPE_MATRIX,knx-core/src/dpt/codec.rs,dpt_spec_document_inventory;dpt_spec_semantics_audit,KL-61
3.23,59,3,FORMAT_OR_UNSUPPORTED_SEE_TYPE_MATRIX,knx-core/src/dpt/codec.rs,dpt_spec_document_inventory;dpt_spec_semantics_audit,KL-61
3.24,60,3,FORMAT_OR_UNSUPPORTED_SEE_TYPE_MATRIX,knx-core/src/dpt/codec.rs,dpt_spec_document_inventory;dpt_spec_semantics_audit,KL-61
3.25,61,3,FORMAT_OR_UNSUPPORTED_SEE_TYPE_MATRIX,knx-core/src/dpt/codec.rs,dpt_spec_document_inventory;dpt_spec_semantics_audit,KL-61
3.26,62,3,FORMAT_OR_UNSUPPORTED_SEE_TYPE_MATRIX,knx-core/src/dpt/codec.rs,dpt_spec_document_inventory;dpt_spec_semantics_audit,KL-61
3.26.1,62,3,FORMAT_OR_UNSUPPORTED_SEE_TYPE_MATRIX,knx-core/src/dpt/codec.rs,dpt_spec_document_inventory;dpt_spec_semantics_audit,KL-61
3.27,65,3,FORMAT_OR_UNSUPPORTED_SEE_TYPE_MATRIX,knx-core/src/dpt/codec.rs,dpt_spec_document_inventory;dpt_spec_semantics_audit,KL-61
3.27.1,65,3,FORMAT_OR_UNSUPPORTED_SEE_TYPE_MATRIX,knx-core/src/dpt/codec.rs,dpt_spec_document_inventory;dpt_spec_semantics_audit,KL-61
3.28,67,3,FORMAT_OR_UNSUPPORTED_SEE_TYPE_MATRIX,knx-core/src/dpt/codec.rs,dpt_spec_document_inventory;dpt_spec_semantics_audit,KL-61
3.28.1,67,3,FORMAT_OR_UNSUPPORTED_SEE_TYPE_MATRIX,knx-core/src/dpt/codec.rs,dpt_spec_document_inventory;dpt_spec_semantics_audit,KL-61
3.29,68,3,FORMAT_OR_UNSUPPORTED_SEE_TYPE_MATRIX,knx-core/src/dpt/codec.rs,dpt_spec_document_inventory;dpt_spec_semantics_audit,KL-61
3.30,71,3,FORMAT_OR_UNSUPPORTED_SEE_TYPE_MATRIX,knx-core/src/dpt/codec.rs,dpt_spec_document_inventory;dpt_spec_semantics_audit,KL-61
3.31,71,3,FORMAT_OR_UNSUPPORTED_SEE_TYPE_MATRIX,knx-core/src/dpt/codec.rs,dpt_spec_document_inventory;dpt_spec_semantics_audit,KL-61
3.32,72,3,FORMAT_OR_UNSUPPORTED_SEE_TYPE_MATRIX,knx-core/src/dpt/codec.rs,dpt_spec_document_inventory;dpt_spec_semantics_audit,KL-61
3.33,73,3,FORMAT_OR_UNSUPPORTED_SEE_TYPE_MATRIX,knx-core/src/dpt/codec.rs,dpt_spec_document_inventory;dpt_spec_semantics_audit,KL-61
3.34,73,3,FORMAT_OR_UNSUPPORTED_SEE_TYPE_MATRIX,knx-core/src/dpt/codec.rs,dpt_spec_document_inventory;dpt_spec_semantics_audit,KL-61
3.35,74,3,FORMAT_OR_UNSUPPORTED_SEE_TYPE_MATRIX,knx-core/src/dpt/codec.rs,dpt_spec_document_inventory;dpt_spec_semantics_audit,KL-61
3.36,74,3,FORMAT_OR_UNSUPPORTED_SEE_TYPE_MATRIX,knx-core/src/dpt/codec.rs,dpt_spec_document_inventory;dpt_spec_semantics_audit,KL-61
3.37,75,3,FORMAT_OR_UNSUPPORTED_SEE_TYPE_MATRIX,knx-core/src/dpt/codec.rs,dpt_spec_document_inventory;dpt_spec_semantics_audit,KL-61
3.38,76,3,FORMAT_OR_UNSUPPORTED_SEE_TYPE_MATRIX,knx-core/src/dpt/codec.rs,dpt_spec_document_inventory;dpt_spec_semantics_audit,KL-61
3.38.1,76,3,FORMAT_OR_UNSUPPORTED_SEE_TYPE_MATRIX,knx-core/src/dpt/codec.rs,dpt_spec_document_inventory;dpt_spec_semantics_audit,KL-61
3.39,77,3,FORMAT_OR_UNSUPPORTED_SEE_TYPE_MATRIX,knx-core/src/dpt/codec.rs,dpt_spec_document_inventory;dpt_spec_semantics_audit,KL-61
3.40,78,3,FORMAT_OR_UNSUPPORTED_SEE_TYPE_MATRIX,knx-core/src/dpt/codec.rs,dpt_spec_document_inventory;dpt_spec_semantics_audit,KL-61
3.41,78,3,FORMAT_OR_UNSUPPORTED_SEE_TYPE_MATRIX,knx-core/src/dpt/codec.rs,dpt_spec_document_inventory;dpt_spec_semantics_audit,KL-61
3.42,79,3,FORMAT_OR_UNSUPPORTED_SEE_TYPE_MATRIX,knx-core/src/dpt/codec.rs,dpt_spec_document_inventory;dpt_spec_semantics_audit,KL-61
3.43,80,3,FORMAT_OR_UNSUPPORTED_SEE_TYPE_MATRIX,knx-core/src/dpt/codec.rs,dpt_spec_document_inventory;dpt_spec_semantics_audit,KL-61
3.43.1,80,3,FORMAT_OR_UNSUPPORTED_SEE_TYPE_MATRIX,knx-core/src/dpt/codec.rs,dpt_spec_document_inventory;dpt_spec_semantics_audit,KL-61
3.43.2,81,3,FORMAT_OR_UNSUPPORTED_SEE_TYPE_MATRIX,knx-core/src/dpt/codec.rs,dpt_spec_document_inventory;dpt_spec_semantics_audit,KL-61
3.44,82,3,FORMAT_OR_UNSUPPORTED_SEE_TYPE_MATRIX,knx-core/src/dpt/codec.rs,dpt_spec_document_inventory;dpt_spec_semantics_audit,KL-61
3.44.1,82,3,FORMAT_OR_UNSUPPORTED_SEE_TYPE_MATRIX,knx-core/src/dpt/codec.rs,dpt_spec_document_inventory;dpt_spec_semantics_audit,KL-61
3.44.2,83,3,FORMAT_OR_UNSUPPORTED_SEE_TYPE_MATRIX,knx-core/src/dpt/codec.rs,dpt_spec_document_inventory;dpt_spec_semantics_audit,KL-61
3.44.3,84,3,FORMAT_OR_UNSUPPORTED_SEE_TYPE_MATRIX,knx-core/src/dpt/codec.rs,dpt_spec_document_inventory;dpt_spec_semantics_audit,KL-61
3.45,85,3,FORMAT_OR_UNSUPPORTED_SEE_TYPE_MATRIX,knx-core/src/dpt/codec.rs,dpt_spec_document_inventory;dpt_spec_semantics_audit,KL-61
3.45.1,85,3,FORMAT_OR_UNSUPPORTED_SEE_TYPE_MATRIX,knx-core/src/dpt/codec.rs,dpt_spec_document_inventory;dpt_spec_semantics_audit,KL-61
3.46,87,3,FORMAT_OR_UNSUPPORTED_SEE_TYPE_MATRIX,knx-core/src/dpt/codec.rs,dpt_spec_document_inventory;dpt_spec_semantics_audit,KL-61
3.47,88,3,FORMAT_OR_UNSUPPORTED_SEE_TYPE_MATRIX,knx-core/src/dpt/codec.rs,dpt_spec_document_inventory;dpt_spec_semantics_audit,KL-61
3.47.2,90,3,FORMAT_OR_UNSUPPORTED_SEE_TYPE_MATRIX,knx-core/src/dpt/codec.rs,dpt_spec_document_inventory;dpt_spec_semantics_audit,KL-61
3.48,94,3,FORMAT_OR_UNSUPPORTED_SEE_TYPE_MATRIX,knx-core/src/dpt/codec.rs,dpt_spec_document_inventory;dpt_spec_semantics_audit,KL-61
3.49,95,3,FORMAT_OR_UNSUPPORTED_SEE_TYPE_MATRIX,knx-core/src/dpt/codec.rs,dpt_spec_document_inventory;dpt_spec_semantics_audit,KL-61
3.49.1,95,3,FORMAT_OR_UNSUPPORTED_SEE_TYPE_MATRIX,knx-core/src/dpt/codec.rs,dpt_spec_document_inventory;dpt_spec_semantics_audit,KL-61
3.49.2,95,3,FORMAT_OR_UNSUPPORTED_SEE_TYPE_MATRIX,knx-core/src/dpt/codec.rs,dpt_spec_document_inventory;dpt_spec_semantics_audit,KL-61
3.49.3,98,3,FORMAT_OR_UNSUPPORTED_SEE_TYPE_MATRIX,knx-core/src/dpt/codec.rs,dpt_spec_document_inventory;dpt_spec_semantics_audit,KL-61
3.50,99,3,FORMAT_OR_UNSUPPORTED_SEE_TYPE_MATRIX,knx-core/src/dpt/codec.rs,dpt_spec_document_inventory;dpt_spec_semantics_audit,KL-61
3.50.1,99,3,FORMAT_OR_UNSUPPORTED_SEE_TYPE_MATRIX,knx-core/src/dpt/codec.rs,dpt_spec_document_inventory;dpt_spec_semantics_audit,KL-61
3.51,100,3,FORMAT_OR_UNSUPPORTED_SEE_TYPE_MATRIX,knx-core/src/dpt/codec.rs,dpt_spec_document_inventory;dpt_spec_semantics_audit,KL-61
3.51.1,100,3,FORMAT_OR_UNSUPPORTED_SEE_TYPE_MATRIX,knx-core/src/dpt/codec.rs,dpt_spec_document_inventory;dpt_spec_semantics_audit,KL-61
3.52,101,3,FORMAT_OR_UNSUPPORTED_SEE_TYPE_MATRIX,knx-core/src/dpt/codec.rs,dpt_spec_document_inventory;dpt_spec_semantics_audit,KL-61
3.52.1,101,3,FORMAT_OR_UNSUPPORTED_SEE_TYPE_MATRIX,knx-core/src/dpt/codec.rs,dpt_spec_document_inventory;dpt_spec_semantics_audit,KL-61
3.53,102,3,FORMAT_OR_UNSUPPORTED_SEE_TYPE_MATRIX,knx-core/src/dpt/codec.rs,dpt_spec_document_inventory;dpt_spec_semantics_audit,KL-61
3.54,103,3,FORMAT_OR_UNSUPPORTED_SEE_TYPE_MATRIX,knx-core/src/dpt/codec.rs,dpt_spec_document_inventory;dpt_spec_semantics_audit,KL-61
3.55,104,3,FORMAT_OR_UNSUPPORTED_SEE_TYPE_MATRIX,knx-core/src/dpt/codec.rs,dpt_spec_document_inventory;dpt_spec_semantics_audit,KL-61
3.56,105,3,FORMAT_OR_UNSUPPORTED_SEE_TYPE_MATRIX,knx-core/src/dpt/codec.rs,dpt_spec_document_inventory;dpt_spec_semantics_audit,KL-61
4,106,4,FORMAT_OR_UNSUPPORTED_SEE_TYPE_MATRIX,knx-core/src/dpt/codec.rs,dpt_spec_document_inventory;dpt_spec_semantics_audit,KL-61
4.1,106,4,FORMAT_OR_UNSUPPORTED_SEE_TYPE_MATRIX,knx-core/src/dpt/codec.rs,dpt_spec_document_inventory;dpt_spec_semantics_audit,KL-61
4.1.1,106,4,FORMAT_OR_UNSUPPORTED_SEE_TYPE_MATRIX,knx-core/src/dpt/codec.rs,dpt_spec_document_inventory;dpt_spec_semantics_audit,KL-61
4.1.2,107,4,FORMAT_OR_UNSUPPORTED_SEE_TYPE_MATRIX,knx-core/src/dpt/codec.rs,dpt_spec_document_inventory;dpt_spec_semantics_audit,KL-61
4.1.3,111,4,FORMAT_OR_UNSUPPORTED_SEE_TYPE_MATRIX,knx-core/src/dpt/codec.rs,dpt_spec_document_inventory;dpt_spec_semantics_audit,KL-61
4.1.4,112,4,FORMAT_OR_UNSUPPORTED_SEE_TYPE_MATRIX,knx-core/src/dpt/codec.rs,dpt_spec_document_inventory;dpt_spec_semantics_audit,KL-61
4.1.5,112,4,FORMAT_OR_UNSUPPORTED_SEE_TYPE_MATRIX,knx-core/src/dpt/codec.rs,dpt_spec_document_inventory;dpt_spec_semantics_audit,KL-61
4.1.6,114,4,FORMAT_OR_UNSUPPORTED_SEE_TYPE_MATRIX,knx-core/src/dpt/codec.rs,dpt_spec_document_inventory;dpt_spec_semantics_audit,KL-61
4.2,114,4,FORMAT_OR_UNSUPPORTED_SEE_TYPE_MATRIX,knx-core/src/dpt/codec.rs,dpt_spec_document_inventory;dpt_spec_semantics_audit,KL-61
4.3,115,4,FORMAT_OR_UNSUPPORTED_SEE_TYPE_MATRIX,knx-core/src/dpt/codec.rs,dpt_spec_document_inventory;dpt_spec_semantics_audit,KL-61
4.4,119,4,FORMAT_OR_UNSUPPORTED_SEE_TYPE_MATRIX,knx-core/src/dpt/codec.rs,dpt_spec_document_inventory;dpt_spec_semantics_audit,KL-61
4.4.1,119,4,FORMAT_OR_UNSUPPORTED_SEE_TYPE_MATRIX,knx-core/src/dpt/codec.rs,dpt_spec_document_inventory;dpt_spec_semantics_audit,KL-61
4.4.2,120,4,FORMAT_OR_UNSUPPORTED_SEE_TYPE_MATRIX,knx-core/src/dpt/codec.rs,dpt_spec_document_inventory;dpt_spec_semantics_audit,KL-61
4.4.3,121,4,FORMAT_OR_UNSUPPORTED_SEE_TYPE_MATRIX,knx-core/src/dpt/codec.rs,dpt_spec_document_inventory;dpt_spec_semantics_audit,KL-61
4.4.4,122,4,FORMAT_OR_UNSUPPORTED_SEE_TYPE_MATRIX,knx-core/src/dpt/codec.rs,dpt_spec_document_inventory;dpt_spec_semantics_audit,KL-61
4.4.5,123,4,FORMAT_OR_UNSUPPORTED_SEE_TYPE_MATRIX,knx-core/src/dpt/codec.rs,dpt_spec_document_inventory;dpt_spec_semantics_audit,KL-61
4.4.6,124,4,FORMAT_OR_UNSUPPORTED_SEE_TYPE_MATRIX,knx-core/src/dpt/codec.rs,dpt_spec_document_inventory;dpt_spec_semantics_audit,KL-61
4.4.7,125,4,FORMAT_OR_UNSUPPORTED_SEE_TYPE_MATRIX,knx-core/src/dpt/codec.rs,dpt_spec_document_inventory;dpt_spec_semantics_audit,KL-61
4.5,126,4,FORMAT_OR_UNSUPPORTED_SEE_TYPE_MATRIX,knx-core/src/dpt/codec.rs,dpt_spec_document_inventory;dpt_spec_semantics_audit,KL-61
4.5.1,126,4,FORMAT_OR_UNSUPPORTED_SEE_TYPE_MATRIX,knx-core/src/dpt/codec.rs,dpt_spec_document_inventory;dpt_spec_semantics_audit,KL-61
4.5.2,127,4,FORMAT_OR_UNSUPPORTED_SEE_TYPE_MATRIX,knx-core/src/dpt/codec.rs,dpt_spec_document_inventory;dpt_spec_semantics_audit,KL-61
4.6,129,4,FORMAT_OR_UNSUPPORTED_SEE_TYPE_MATRIX,knx-core/src/dpt/codec.rs,dpt_spec_document_inventory;dpt_spec_semantics_audit,KL-61
4.7,130,4,FORMAT_OR_UNSUPPORTED_SEE_TYPE_MATRIX,knx-core/src/dpt/codec.rs,dpt_spec_document_inventory;dpt_spec_semantics_audit,KL-61
4.7.1,130,4,FORMAT_OR_UNSUPPORTED_SEE_TYPE_MATRIX,knx-core/src/dpt/codec.rs,dpt_spec_document_inventory;dpt_spec_semantics_audit,KL-61
4.8,131,4,FORMAT_OR_UNSUPPORTED_SEE_TYPE_MATRIX,knx-core/src/dpt/codec.rs,dpt_spec_document_inventory;dpt_spec_semantics_audit,KL-61
4.8.1,131,4,FORMAT_OR_UNSUPPORTED_SEE_TYPE_MATRIX,knx-core/src/dpt/codec.rs,dpt_spec_document_inventory;dpt_spec_semantics_audit,KL-61
4.8.2,131,4,FORMAT_OR_UNSUPPORTED_SEE_TYPE_MATRIX,knx-core/src/dpt/codec.rs,dpt_spec_document_inventory;dpt_spec_semantics_audit,KL-61
4.9,132,4,FORMAT_OR_UNSUPPORTED_SEE_TYPE_MATRIX,knx-core/src/dpt/codec.rs,dpt_spec_document_inventory;dpt_spec_semantics_audit,KL-61
4.9.1,132,4,FORMAT_OR_UNSUPPORTED_SEE_TYPE_MATRIX,knx-core/src/dpt/codec.rs,dpt_spec_document_inventory;dpt_spec_semantics_audit,KL-61
4.9.2,133,4,FORMAT_OR_UNSUPPORTED_SEE_TYPE_MATRIX,knx-core/src/dpt/codec.rs,dpt_spec_document_inventory;dpt_spec_semantics_audit,KL-61
4.9.3,134,4,FORMAT_OR_UNSUPPORTED_SEE_TYPE_MATRIX,knx-core/src/dpt/codec.rs,dpt_spec_document_inventory;dpt_spec_semantics_audit,KL-61
4.9.4,135,4,FORMAT_OR_UNSUPPORTED_SEE_TYPE_MATRIX,knx-core/src/dpt/codec.rs,dpt_spec_document_inventory;dpt_spec_semantics_audit,KL-61
4.9.5,135,4,FORMAT_OR_UNSUPPORTED_SEE_TYPE_MATRIX,knx-core/src/dpt/codec.rs,dpt_spec_document_inventory;dpt_spec_semantics_audit,KL-61
4.9.6,136,4,FORMAT_OR_UNSUPPORTED_SEE_TYPE_MATRIX,knx-core/src/dpt/codec.rs,dpt_spec_document_inventory;dpt_spec_semantics_audit,KL-61
4.9.7,137,4,FORMAT_OR_UNSUPPORTED_SEE_TYPE_MATRIX,knx-core/src/dpt/codec.rs,dpt_spec_document_inventory;dpt_spec_semantics_audit,KL-61
4.10,138,4,FORMAT_OR_UNSUPPORTED_SEE_TYPE_MATRIX,knx-core/src/dpt/codec.rs,dpt_spec_document_inventory;dpt_spec_semantics_audit,KL-61
4.10.1,138,4,FORMAT_OR_UNSUPPORTED_SEE_TYPE_MATRIX,knx-core/src/dpt/codec.rs,dpt_spec_document_inventory;dpt_spec_semantics_audit,KL-61
4.10.2,139,4,FORMAT_OR_UNSUPPORTED_SEE_TYPE_MATRIX,knx-core/src/dpt/codec.rs,dpt_spec_document_inventory;dpt_spec_semantics_audit,KL-61
4.10.3,139,4,FORMAT_OR_UNSUPPORTED_SEE_TYPE_MATRIX,knx-core/src/dpt/codec.rs,dpt_spec_document_inventory;dpt_spec_semantics_audit,KL-61
4.10.4,140,4,FORMAT_OR_UNSUPPORTED_SEE_TYPE_MATRIX,knx-core/src/dpt/codec.rs,dpt_spec_document_inventory;dpt_spec_semantics_audit,KL-61
4.11,141,4,FORMAT_OR_UNSUPPORTED_SEE_TYPE_MATRIX,knx-core/src/dpt/codec.rs,dpt_spec_document_inventory;dpt_spec_semantics_audit,KL-61
4.11.1,141,4,FORMAT_OR_UNSUPPORTED_SEE_TYPE_MATRIX,knx-core/src/dpt/codec.rs,dpt_spec_document_inventory;dpt_spec_semantics_audit,KL-61
4.11.2,142,4,FORMAT_OR_UNSUPPORTED_SEE_TYPE_MATRIX,knx-core/src/dpt/codec.rs,dpt_spec_document_inventory;dpt_spec_semantics_audit,KL-61
4.11.3,142,4,FORMAT_OR_UNSUPPORTED_SEE_TYPE_MATRIX,knx-core/src/dpt/codec.rs,dpt_spec_document_inventory;dpt_spec_semantics_audit,KL-61
4.11.4,143,4,FORMAT_OR_UNSUPPORTED_SEE_TYPE_MATRIX,knx-core/src/dpt/codec.rs,dpt_spec_document_inventory;dpt_spec_semantics_audit,KL-61
4.12,144,4,FORMAT_OR_UNSUPPORTED_SEE_TYPE_MATRIX,knx-core/src/dpt/codec.rs,dpt_spec_document_inventory;dpt_spec_semantics_audit,KL-61
4.12.1,144,4,FORMAT_OR_UNSUPPORTED_SEE_TYPE_MATRIX,knx-core/src/dpt/codec.rs,dpt_spec_document_inventory;dpt_spec_semantics_audit,KL-61
4.12.2,145,4,FORMAT_OR_UNSUPPORTED_SEE_TYPE_MATRIX,knx-core/src/dpt/codec.rs,dpt_spec_document_inventory;dpt_spec_semantics_audit,KL-61
4.12.3,146,4,FORMAT_OR_UNSUPPORTED_SEE_TYPE_MATRIX,knx-core/src/dpt/codec.rs,dpt_spec_document_inventory;dpt_spec_semantics_audit,KL-61
4.12.4,147,4,FORMAT_OR_UNSUPPORTED_SEE_TYPE_MATRIX,knx-core/src/dpt/codec.rs,dpt_spec_document_inventory;dpt_spec_semantics_audit,KL-61
4.13,148,4,FORMAT_OR_UNSUPPORTED_SEE_TYPE_MATRIX,knx-core/src/dpt/codec.rs,dpt_spec_document_inventory;dpt_spec_semantics_audit,KL-61
4.13.1,148,4,FORMAT_OR_UNSUPPORTED_SEE_TYPE_MATRIX,knx-core/src/dpt/codec.rs,dpt_spec_document_inventory;dpt_spec_semantics_audit,KL-61
4.13.2,149,4,FORMAT_OR_UNSUPPORTED_SEE_TYPE_MATRIX,knx-core/src/dpt/codec.rs,dpt_spec_document_inventory;dpt_spec_semantics_audit,KL-61
4.13.3,149,4,FORMAT_OR_UNSUPPORTED_SEE_TYPE_MATRIX,knx-core/src/dpt/codec.rs,dpt_spec_document_inventory;dpt_spec_semantics_audit,KL-61
4.13.4,150,4,FORMAT_OR_UNSUPPORTED_SEE_TYPE_MATRIX,knx-core/src/dpt/codec.rs,dpt_spec_document_inventory;dpt_spec_semantics_audit,KL-61
4.13.5,151,4,FORMAT_OR_UNSUPPORTED_SEE_TYPE_MATRIX,knx-core/src/dpt/codec.rs,dpt_spec_document_inventory;dpt_spec_semantics_audit,KL-61
4.14,152,4,FORMAT_OR_UNSUPPORTED_SEE_TYPE_MATRIX,knx-core/src/dpt/codec.rs,dpt_spec_document_inventory;dpt_spec_semantics_audit,KL-61
4.14.1,152,4,FORMAT_OR_UNSUPPORTED_SEE_TYPE_MATRIX,knx-core/src/dpt/codec.rs,dpt_spec_document_inventory;dpt_spec_semantics_audit,KL-61
4.14.2,153,4,FORMAT_OR_UNSUPPORTED_SEE_TYPE_MATRIX,knx-core/src/dpt/codec.rs,dpt_spec_document_inventory;dpt_spec_semantics_audit,KL-61
4.14.3,154,4,FORMAT_OR_UNSUPPORTED_SEE_TYPE_MATRIX,knx-core/src/dpt/codec.rs,dpt_spec_document_inventory;dpt_spec_semantics_audit,KL-61
4.14.4,155,4,FORMAT_OR_UNSUPPORTED_SEE_TYPE_MATRIX,knx-core/src/dpt/codec.rs,dpt_spec_document_inventory;dpt_spec_semantics_audit,KL-61
4.15,156,4,FORMAT_OR_UNSUPPORTED_SEE_TYPE_MATRIX,knx-core/src/dpt/codec.rs,dpt_spec_document_inventory;dpt_spec_semantics_audit,KL-61
4.15.1,156,4,FORMAT_OR_UNSUPPORTED_SEE_TYPE_MATRIX,knx-core/src/dpt/codec.rs,dpt_spec_document_inventory;dpt_spec_semantics_audit,KL-61
4.16,157,4,FORMAT_OR_UNSUPPORTED_SEE_TYPE_MATRIX,knx-core/src/dpt/codec.rs,dpt_spec_document_inventory;dpt_spec_semantics_audit,KL-61
4.16.1,157,4,FORMAT_OR_UNSUPPORTED_SEE_TYPE_MATRIX,knx-core/src/dpt/codec.rs,dpt_spec_document_inventory;dpt_spec_semantics_audit,KL-61
4.17,158,4,FORMAT_OR_UNSUPPORTED_SEE_TYPE_MATRIX,knx-core/src/dpt/codec.rs,dpt_spec_document_inventory;dpt_spec_semantics_audit,KL-61
4.17.1,158,4,FORMAT_OR_UNSUPPORTED_SEE_TYPE_MATRIX,knx-core/src/dpt/codec.rs,dpt_spec_document_inventory;dpt_spec_semantics_audit,KL-61
4.17.2,159,4,FORMAT_OR_UNSUPPORTED_SEE_TYPE_MATRIX,knx-core/src/dpt/codec.rs,dpt_spec_document_inventory;dpt_spec_semantics_audit,KL-61
4.18,160,4,FORMAT_OR_UNSUPPORTED_SEE_TYPE_MATRIX,knx-core/src/dpt/codec.rs,dpt_spec_document_inventory;dpt_spec_semantics_audit,KL-61
4.18.1,160,4,FORMAT_OR_UNSUPPORTED_SEE_TYPE_MATRIX,knx-core/src/dpt/codec.rs,dpt_spec_document_inventory;dpt_spec_semantics_audit,KL-61
4.18.2,161,4,FORMAT_OR_UNSUPPORTED_SEE_TYPE_MATRIX,knx-core/src/dpt/codec.rs,dpt_spec_document_inventory;dpt_spec_semantics_audit,KL-61
4.18.3,162,4,FORMAT_OR_UNSUPPORTED_SEE_TYPE_MATRIX,knx-core/src/dpt/codec.rs,dpt_spec_document_inventory;dpt_spec_semantics_audit,KL-61
4.19,163,4,FORMAT_OR_UNSUPPORTED_SEE_TYPE_MATRIX,knx-core/src/dpt/codec.rs,dpt_spec_document_inventory;dpt_spec_semantics_audit,KL-61
4.19.1,163,4,FORMAT_OR_UNSUPPORTED_SEE_TYPE_MATRIX,knx-core/src/dpt/codec.rs,dpt_spec_document_inventory;dpt_spec_semantics_audit,KL-61
4.19.2,164,4,FORMAT_OR_UNSUPPORTED_SEE_TYPE_MATRIX,knx-core/src/dpt/codec.rs,dpt_spec_document_inventory;dpt_spec_semantics_audit,KL-61
4.20,165,4,FORMAT_OR_UNSUPPORTED_SEE_TYPE_MATRIX,knx-core/src/dpt/codec.rs,dpt_spec_document_inventory;dpt_spec_semantics_audit,KL-61
4.20.1,165,4,FORMAT_OR_UNSUPPORTED_SEE_TYPE_MATRIX,knx-core/src/dpt/codec.rs,dpt_spec_document_inventory;dpt_spec_semantics_audit,KL-61
4.20.2,166,4,FORMAT_OR_UNSUPPORTED_SEE_TYPE_MATRIX,knx-core/src/dpt/codec.rs,dpt_spec_document_inventory;dpt_spec_semantics_audit,KL-61
4.21,167,4,FORMAT_OR_UNSUPPORTED_SEE_TYPE_MATRIX,knx-core/src/dpt/codec.rs,dpt_spec_document_inventory;dpt_spec_semantics_audit,KL-61
4.21.1,167,4,FORMAT_OR_UNSUPPORTED_SEE_TYPE_MATRIX,knx-core/src/dpt/codec.rs,dpt_spec_document_inventory;dpt_spec_semantics_audit,KL-61
4.22,168,4,FORMAT_OR_UNSUPPORTED_SEE_TYPE_MATRIX,knx-core/src/dpt/codec.rs,dpt_spec_document_inventory;dpt_spec_semantics_audit,KL-61
4.22.1,168,4,FORMAT_OR_UNSUPPORTED_SEE_TYPE_MATRIX,knx-core/src/dpt/codec.rs,dpt_spec_document_inventory;dpt_spec_semantics_audit,KL-61
4.23,169,4,FORMAT_OR_UNSUPPORTED_SEE_TYPE_MATRIX,knx-core/src/dpt/codec.rs,dpt_spec_document_inventory;dpt_spec_semantics_audit,KL-61
4.23.1,169,4,FORMAT_OR_UNSUPPORTED_SEE_TYPE_MATRIX,knx-core/src/dpt/codec.rs,dpt_spec_document_inventory;dpt_spec_semantics_audit,KL-61
4.23.2,170,4,FORMAT_OR_UNSUPPORTED_SEE_TYPE_MATRIX,knx-core/src/dpt/codec.rs,dpt_spec_document_inventory;dpt_spec_semantics_audit,KL-61
4.24,171,4,FORMAT_OR_UNSUPPORTED_SEE_TYPE_MATRIX,knx-core/src/dpt/codec.rs,dpt_spec_document_inventory;dpt_spec_semantics_audit,KL-61
4.24.1,171,4,FORMAT_OR_UNSUPPORTED_SEE_TYPE_MATRIX,knx-core/src/dpt/codec.rs,dpt_spec_document_inventory;dpt_spec_semantics_audit,KL-61
4.25,172,4,FORMAT_OR_UNSUPPORTED_SEE_TYPE_MATRIX,knx-core/src/dpt/codec.rs,dpt_spec_document_inventory;dpt_spec_semantics_audit,KL-61
4.25.1,172,4,FORMAT_OR_UNSUPPORTED_SEE_TYPE_MATRIX,knx-core/src/dpt/codec.rs,dpt_spec_document_inventory;dpt_spec_semantics_audit,KL-61
5,174,5,FORMAT_OR_UNSUPPORTED_SEE_TYPE_MATRIX,knx-core/src/dpt/codec.rs,dpt_spec_document_inventory;dpt_spec_semantics_audit,KL-61
6,175,6,FORMAT_OR_UNSUPPORTED_SEE_TYPE_MATRIX,knx-core/src/dpt/codec.rs,dpt_spec_document_inventory;dpt_spec_semantics_audit,KL-61
6.1,175,6,FORMAT_OR_UNSUPPORTED_SEE_TYPE_MATRIX,knx-core/src/dpt/codec.rs,dpt_spec_document_inventory;dpt_spec_semantics_audit,KL-61
6.2,175,6,FORMAT_OR_UNSUPPORTED_SEE_TYPE_MATRIX,knx-core/src/dpt/codec.rs,dpt_spec_document_inventory;dpt_spec_semantics_audit,KL-61
6.3,175,6,FORMAT_OR_UNSUPPORTED_SEE_TYPE_MATRIX,knx-core/src/dpt/codec.rs,dpt_spec_document_inventory;dpt_spec_semantics_audit,KL-61
6.4,180,6,FORMAT_OR_UNSUPPORTED_SEE_TYPE_MATRIX,knx-core/src/dpt/codec.rs,dpt_spec_document_inventory;dpt_spec_semantics_audit,KL-61
6.4.1,180,6,FORMAT_OR_UNSUPPORTED_SEE_TYPE_MATRIX,knx-core/src/dpt/codec.rs,dpt_spec_document_inventory;dpt_spec_semantics_audit,KL-61
6.5,181,6,FORMAT_OR_UNSUPPORTED_SEE_TYPE_MATRIX,knx-core/src/dpt/codec.rs,dpt_spec_document_inventory;dpt_spec_semantics_audit,KL-61
6.5.1,181,6,FORMAT_OR_UNSUPPORTED_SEE_TYPE_MATRIX,knx-core/src/dpt/codec.rs,dpt_spec_document_inventory;dpt_spec_semantics_audit,KL-61
6.6,182,6,FORMAT_OR_UNSUPPORTED_SEE_TYPE_MATRIX,knx-core/src/dpt/codec.rs,dpt_spec_document_inventory;dpt_spec_semantics_audit,KL-61
6.6.1,182,6,FORMAT_OR_UNSUPPORTED_SEE_TYPE_MATRIX,knx-core/src/dpt/codec.rs,dpt_spec_document_inventory;dpt_spec_semantics_audit,KL-61
6.7,182,6,FORMAT_OR_UNSUPPORTED_SEE_TYPE_MATRIX,knx-core/src/dpt/codec.rs,dpt_spec_document_inventory;dpt_spec_semantics_audit,KL-61
6.7.1,182,6,FORMAT_OR_UNSUPPORTED_SEE_TYPE_MATRIX,knx-core/src/dpt/codec.rs,dpt_spec_document_inventory;dpt_spec_semantics_audit,KL-61
6.8,183,6,FORMAT_OR_UNSUPPORTED_SEE_TYPE_MATRIX,knx-core/src/dpt/codec.rs,dpt_spec_document_inventory;dpt_spec_semantics_audit,KL-61
6.8.1,183,6,FORMAT_OR_UNSUPPORTED_SEE_TYPE_MATRIX,knx-core/src/dpt/codec.rs,dpt_spec_document_inventory;dpt_spec_semantics_audit,KL-61
6.9,184,6,FORMAT_OR_UNSUPPORTED_SEE_TYPE_MATRIX,knx-core/src/dpt/codec.rs,dpt_spec_document_inventory;dpt_spec_semantics_audit,KL-61
6.10,185,6,FORMAT_OR_UNSUPPORTED_SEE_TYPE_MATRIX,knx-core/src/dpt/codec.rs,dpt_spec_document_inventory;dpt_spec_semantics_audit,KL-61
6.11,186,6,FORMAT_OR_UNSUPPORTED_SEE_TYPE_MATRIX,knx-core/src/dpt/codec.rs,dpt_spec_document_inventory;dpt_spec_semantics_audit,KL-61
6.12,187,6,FORMAT_OR_UNSUPPORTED_SEE_TYPE_MATRIX,knx-core/src/dpt/codec.rs,dpt_spec_document_inventory;dpt_spec_semantics_audit,KL-61
6.13,189,6,FORMAT_OR_UNSUPPORTED_SEE_TYPE_MATRIX,knx-core/src/dpt/codec.rs,dpt_spec_document_inventory;dpt_spec_semantics_audit,KL-61
6.14,190,6,FORMAT_OR_UNSUPPORTED_SEE_TYPE_MATRIX,knx-core/src/dpt/codec.rs,dpt_spec_document_inventory;dpt_spec_semantics_audit,KL-61
6.15,191,6,FORMAT_OR_UNSUPPORTED_SEE_TYPE_MATRIX,knx-core/src/dpt/codec.rs,dpt_spec_document_inventory;dpt_spec_semantics_audit,KL-61
6.16,192,6,FORMAT_OR_UNSUPPORTED_SEE_TYPE_MATRIX,knx-core/src/dpt/codec.rs,dpt_spec_document_inventory;dpt_spec_semantics_audit,KL-61
6.17,193,6,FORMAT_OR_UNSUPPORTED_SEE_TYPE_MATRIX,knx-core/src/dpt/codec.rs,dpt_spec_document_inventory;dpt_spec_semantics_audit,KL-61
6.18,194,6,FORMAT_OR_UNSUPPORTED_SEE_TYPE_MATRIX,knx-core/src/dpt/codec.rs,dpt_spec_document_inventory;dpt_spec_semantics_audit,KL-61
6.19,195,6,FORMAT_OR_UNSUPPORTED_SEE_TYPE_MATRIX,knx-core/src/dpt/codec.rs,dpt_spec_document_inventory;dpt_spec_semantics_audit,KL-61
6.20,196,6,FORMAT_OR_UNSUPPORTED_SEE_TYPE_MATRIX,knx-core/src/dpt/codec.rs,dpt_spec_document_inventory;dpt_spec_semantics_audit,KL-61
6.21,197,6,FORMAT_OR_UNSUPPORTED_SEE_TYPE_MATRIX,knx-core/src/dpt/codec.rs,dpt_spec_document_inventory;dpt_spec_semantics_audit,KL-61
6.22,198,6,FORMAT_OR_UNSUPPORTED_SEE_TYPE_MATRIX,knx-core/src/dpt/codec.rs,dpt_spec_document_inventory;dpt_spec_semantics_audit,KL-61
7,199,7,FORMAT_OR_UNSUPPORTED_SEE_TYPE_MATRIX,knx-core/src/dpt/codec.rs,dpt_spec_document_inventory;dpt_spec_semantics_audit,KL-61
7.1,199,7,FORMAT_OR_UNSUPPORTED_SEE_TYPE_MATRIX,knx-core/src/dpt/codec.rs,dpt_spec_document_inventory;dpt_spec_semantics_audit,KL-61
7.2,200,7,FORMAT_OR_UNSUPPORTED_SEE_TYPE_MATRIX,knx-core/src/dpt/codec.rs,dpt_spec_document_inventory;dpt_spec_semantics_audit,KL-61
7.2.1,200,7,FORMAT_OR_UNSUPPORTED_SEE_TYPE_MATRIX,knx-core/src/dpt/codec.rs,dpt_spec_document_inventory;dpt_spec_semantics_audit,KL-61
7.3,201,7,FORMAT_OR_UNSUPPORTED_SEE_TYPE_MATRIX,knx-core/src/dpt/codec.rs,dpt_spec_document_inventory;dpt_spec_semantics_audit,KL-61
7.4,201,7,FORMAT_OR_UNSUPPORTED_SEE_TYPE_MATRIX,knx-core/src/dpt/codec.rs,dpt_spec_document_inventory;dpt_spec_semantics_audit,KL-61
8,202,8,FORMAT_OR_UNSUPPORTED_SEE_TYPE_MATRIX,knx-core/src/dpt/codec.rs,dpt_spec_document_inventory;dpt_spec_semantics_audit,KL-61
8.1,202,8,FORMAT_OR_UNSUPPORTED_SEE_TYPE_MATRIX,knx-core/src/dpt/codec.rs,dpt_spec_document_inventory;dpt_spec_semantics_audit,KL-61
8.2,205,8,FORMAT_OR_UNSUPPORTED_SEE_TYPE_MATRIX,knx-core/src/dpt/codec.rs,dpt_spec_document_inventory;dpt_spec_semantics_audit,KL-61
8.2.1,205,8,FORMAT_OR_UNSUPPORTED_SEE_TYPE_MATRIX,knx-core/src/dpt/codec.rs,dpt_spec_document_inventory;dpt_spec_semantics_audit,KL-61
8.2.2,206,8,FORMAT_OR_UNSUPPORTED_SEE_TYPE_MATRIX,knx-core/src/dpt/codec.rs,dpt_spec_document_inventory;dpt_spec_semantics_audit,KL-61
8.2.3,207,8,FORMAT_OR_UNSUPPORTED_SEE_TYPE_MATRIX,knx-core/src/dpt/codec.rs,dpt_spec_document_inventory;dpt_spec_semantics_audit,KL-61
8.2.4,207,8,FORMAT_OR_UNSUPPORTED_SEE_TYPE_MATRIX,knx-core/src/dpt/codec.rs,dpt_spec_document_inventory;dpt_spec_semantics_audit,KL-61
8.3,208,8,FORMAT_OR_UNSUPPORTED_SEE_TYPE_MATRIX,knx-core/src/dpt/codec.rs,dpt_spec_document_inventory;dpt_spec_semantics_audit,KL-61
8.3.1,208,8,FORMAT_OR_UNSUPPORTED_SEE_TYPE_MATRIX,knx-core/src/dpt/codec.rs,dpt_spec_document_inventory;dpt_spec_semantics_audit,KL-61
8.3.2,208,8,FORMAT_OR_UNSUPPORTED_SEE_TYPE_MATRIX,knx-core/src/dpt/codec.rs,dpt_spec_document_inventory;dpt_spec_semantics_audit,KL-61
8.4,209,8,FORMAT_OR_UNSUPPORTED_SEE_TYPE_MATRIX,knx-core/src/dpt/codec.rs,dpt_spec_document_inventory;dpt_spec_semantics_audit,KL-61
8.5,209,8,FORMAT_OR_UNSUPPORTED_SEE_TYPE_MATRIX,knx-core/src/dpt/codec.rs,dpt_spec_document_inventory;dpt_spec_semantics_audit,KL-61
8.5.1,209,8,FORMAT_OR_UNSUPPORTED_SEE_TYPE_MATRIX,knx-core/src/dpt/codec.rs,dpt_spec_document_inventory;dpt_spec_semantics_audit,KL-61
8.6,210,8,FORMAT_OR_UNSUPPORTED_SEE_TYPE_MATRIX,knx-core/src/dpt/codec.rs,dpt_spec_document_inventory;dpt_spec_semantics_audit,KL-61
9,211,9,FORMAT_OR_UNSUPPORTED_SEE_TYPE_MATRIX,knx-core/src/dpt/codec.rs,dpt_spec_document_inventory;dpt_spec_semantics_audit,KL-61
9.1,211,9,FORMAT_OR_UNSUPPORTED_SEE_TYPE_MATRIX,knx-core/src/dpt/codec.rs,dpt_spec_document_inventory;dpt_spec_semantics_audit,KL-61
9.2,211,9,FORMAT_OR_UNSUPPORTED_SEE_TYPE_MATRIX,knx-core/src/dpt/codec.rs,dpt_spec_document_inventory;dpt_spec_semantics_audit,KL-61
9.3,212,9,FORMAT_OR_UNSUPPORTED_SEE_TYPE_MATRIX,knx-core/src/dpt/codec.rs,dpt_spec_document_inventory;dpt_spec_semantics_audit,KL-61
9.4,212,9,FORMAT_OR_UNSUPPORTED_SEE_TYPE_MATRIX,knx-core/src/dpt/codec.rs,dpt_spec_document_inventory;dpt_spec_semantics_audit,KL-61
9.5,213,9,FORMAT_OR_UNSUPPORTED_SEE_TYPE_MATRIX,knx-core/src/dpt/codec.rs,dpt_spec_document_inventory;dpt_spec_semantics_audit,KL-61
9.6,214,9,FORMAT_OR_UNSUPPORTED_SEE_TYPE_MATRIX,knx-core/src/dpt/codec.rs,dpt_spec_document_inventory;dpt_spec_semantics_audit,KL-61
9.7,215,9,FORMAT_OR_UNSUPPORTED_SEE_TYPE_MATRIX,knx-core/src/dpt/codec.rs,dpt_spec_document_inventory;dpt_spec_semantics_audit,KL-61
9.8,216,9,FORMAT_OR_UNSUPPORTED_SEE_TYPE_MATRIX,knx-core/src/dpt/codec.rs,dpt_spec_document_inventory;dpt_spec_semantics_audit,KL-61
9.9,217,9,FORMAT_OR_UNSUPPORTED_SEE_TYPE_MATRIX,knx-core/src/dpt/codec.rs,dpt_spec_document_inventory;dpt_spec_semantics_audit,KL-61
9.10,218,9,FORMAT_OR_UNSUPPORTED_SEE_TYPE_MATRIX,knx-core/src/dpt/codec.rs,dpt_spec_document_inventory;dpt_spec_semantics_audit,KL-61
9.11,219,9,FORMAT_OR_UNSUPPORTED_SEE_TYPE_MATRIX,knx-core/src/dpt/codec.rs,dpt_spec_document_inventory;dpt_spec_semantics_audit,KL-61
9.12,220,9,FORMAT_OR_UNSUPPORTED_SEE_TYPE_MATRIX,knx-core/src/dpt/codec.rs,dpt_spec_document_inventory;dpt_spec_semantics_audit,KL-61
9.13,221,9,FORMAT_OR_UNSUPPORTED_SEE_TYPE_MATRIX,knx-core/src/dpt/codec.rs,dpt_spec_document_inventory;dpt_spec_semantics_audit,KL-61
9.14,222,9,FORMAT_OR_UNSUPPORTED_SEE_TYPE_MATRIX,knx-core/src/dpt/codec.rs,dpt_spec_document_inventory;dpt_spec_semantics_audit,KL-61
9.15,223,9,FORMAT_OR_UNSUPPORTED_SEE_TYPE_MATRIX,knx-core/src/dpt/codec.rs,dpt_spec_document_inventory;dpt_spec_semantics_audit,KL-61
9.16,224,9,FORMAT_OR_UNSUPPORTED_SEE_TYPE_MATRIX,knx-core/src/dpt/codec.rs,dpt_spec_document_inventory;dpt_spec_semantics_audit,KL-61
10,226,10,FORMAT_OR_UNSUPPORTED_SEE_TYPE_MATRIX,knx-core/src/dpt/codec.rs,dpt_spec_document_inventory;dpt_spec_semantics_audit,KL-61
10.1,226,10,FORMAT_OR_UNSUPPORTED_SEE_TYPE_MATRIX,knx-core/src/dpt/codec.rs,dpt_spec_document_inventory;dpt_spec_semantics_audit,KL-61
10.2,227,10,FORMAT_OR_UNSUPPORTED_SEE_TYPE_MATRIX,knx-core/src/dpt/codec.rs,dpt_spec_document_inventory;dpt_spec_semantics_audit,KL-61
11,229,11,METADATA_OR_GENERAL_REQUIREMENTS,knx-core/src/dpt/codec.rs,dpt_spec_document_inventory;dpt_spec_semantics_audit,KL-61
A,231,A,NONSTANDARD_UNNUMBERED_HVAC_STATUS_NOT_GUESSED,knx-core/src/dpt/codec.rs,dpt_spec_document_inventory;dpt_spec_semantics_audit,KL-61
B,233,B,LEGACY_UNNUMBERED_DALI_NOT_GUESSED,knx-core/src/dpt/codec.rs,dpt_spec_document_inventory;dpt_spec_semantics_audit,KL-61
B.1,233,B,LEGACY_UNNUMBERED_DALI_NOT_GUESSED,knx-core/src/dpt/codec.rs,dpt_spec_document_inventory;dpt_spec_semantics_audit,KL-61
B.2,233,B,LEGACY_UNNUMBERED_DALI_NOT_GUESSED,knx-core/src/dpt/codec.rs,dpt_spec_document_inventory;dpt_spec_semantics_audit,KL-61
B.2.1,233,B,LEGACY_UNNUMBERED_DALI_NOT_GUESSED,knx-core/src/dpt/codec.rs,dpt_spec_document_inventory;dpt_spec_semantics_audit,KL-61
B.2.2,233,B,LEGACY_UNNUMBERED_DALI_NOT_GUESSED,knx-core/src/dpt/codec.rs,dpt_spec_document_inventory;dpt_spec_semantics_audit,KL-61
B.2.3,235,B,LEGACY_UNNUMBERED_DALI_NOT_GUESSED,knx-core/src/dpt/codec.rs,dpt_spec_document_inventory;dpt_spec_semantics_audit,KL-61
B.2.4,236,B,LEGACY_UNNUMBERED_DALI_NOT_GUESSED,knx-core/src/dpt/codec.rs,dpt_spec_document_inventory;dpt_spec_semantics_audit,KL-61
B.2.5,237,B,LEGACY_UNNUMBERED_DALI_NOT_GUESSED,knx-core/src/dpt/codec.rs,dpt_spec_document_inventory;dpt_spec_semantics_audit,KL-61
B.2.6,239,B,LEGACY_UNNUMBERED_DALI_NOT_GUESSED,knx-core/src/dpt/codec.rs,dpt_spec_document_inventory;dpt_spec_semantics_audit,KL-61
B.2.7,240,B,LEGACY_UNNUMBERED_DALI_NOT_GUESSED,knx-core/src/dpt/codec.rs,dpt_spec_document_inventory;dpt_spec_semantics_audit,KL-61
B.2.8,242,B,LEGACY_UNNUMBERED_DALI_NOT_GUESSED,knx-core/src/dpt/codec.rs,dpt_spec_document_inventory;dpt_spec_semantics_audit,KL-61
B.2.9,243,B,LEGACY_UNNUMBERED_DALI_NOT_GUESSED,knx-core/src/dpt/codec.rs,dpt_spec_document_inventory;dpt_spec_semantics_audit,KL-61
B.2.10,245,B,LEGACY_UNNUMBERED_DALI_NOT_GUESSED,knx-core/src/dpt/codec.rs,dpt_spec_document_inventory;dpt_spec_semantics_audit,KL-61
B.2.11,246,B,LEGACY_UNNUMBERED_DALI_NOT_GUESSED,knx-core/src/dpt/codec.rs,dpt_spec_document_inventory;dpt_spec_semantics_audit,KL-61
B.2.12,247,B,LEGACY_UNNUMBERED_DALI_NOT_GUESSED,knx-core/src/dpt/codec.rs,dpt_spec_document_inventory;dpt_spec_semantics_audit,KL-61
C,249,C,INFORMATIVE_HISTORY_NOT_A_NEW_SUPPORT_CLAIM,knx-core/src/dpt/codec.rs,dpt_spec_document_inventory;dpt_spec_semantics_audit,KL-61
C.1,249,C,INFORMATIVE_HISTORY_NOT_A_NEW_SUPPORT_CLAIM,knx-core/src/dpt/codec.rs,dpt_spec_document_inventory;dpt_spec_semantics_audit,KL-61
